yearly_agency_id,agency_id,data_year,ori,legacy_ori,covered_by_legacy_ori,direct_contributor_flag,dormant_flag,dormant_year,reporting_type,ucr_agency_name,ncic_agency_name,pub_agency_name,pub_agency_unit,agency_status,state_id,state_name,state_abbr,state_postal_abbr,division_code,division_name,region_code,region_name,region_desc,agency_type_name,population,submitting_agency_id,sai,submitting_agency_name,suburban_area_flag,population_group_id,population_group_code,population_group_desc,parent_pop_group_code,parent_pop_group_desc,mip_flag,pop_sort_order,summary_rape_def,pe_reported_flag,male_officer,male_civilian,male_officer+male_civilian,female_officer,female_civilian,female_officer+female_civilian,officer_rate,employee_rate,nibrs_cert_date,nibrs_start_date,nibrs_leoka_start_date,nibrs_ct_start_date,nibrs_multi_bias_start_date,nibrs_off_eth_start_date,covered_flag,county_name,msa_name,publishable_flag,participated,nibrs_participated
56852024,5685,2024,IN0010000,IN0010000,,N,N,,I,ADAMS,ADAMS CO SO DECATUR,Adams,,A,19,Indiana,IN,IN,3,East North Central,2,Midwest,Region II,County,22336,27128,INUCR0001,Indiana State Police,N,15,8C,"Non-MSA counties from 10,000 thru 24,999",8,Non-MSA Counties,N,15,,Y,18,31,49,0,18,18,0.8,3.0,2013-01-01,2023-05-01,2023-05-01,2023-05-01,2023-05-01,2023-05-01,N,ADAMS,Not Specified,Y,Y,Y
56862024,5686,2024,IN0010100,IN0010100,,N,N,,I,BERNE,BERNE PD,Berne,,A,19,Indiana,IN,IN,3,East North Central,2,Midwest,Region II,City,4242,27128,INUCR0001,Indiana State Police,N,10,6,"Cities from 2,500 thru 9,999",6,"Cities from 2,500 thru 9,999",N,10,,Y,7,1,8,0,1,1,1.7,2.1,2013-01-01,2024-01-01,2024-01-01,2024-01-01,2024-01-01,2024-01-01,N,ADAMS,Not Specified,Y,Y,Y
56872024,5687,2024,IN0010200,IN0010200,,N,N,,I,DECATUR,DECATUR PD,Decatur,,A,19,Indiana,IN,IN,3,East North Central,2,Midwest,Region II,City,10053,27128,INUCR0001,Indiana State Police,N,9,5,"Cities from 10,000 thru 24,999",5,"Cities from 10,000 thru 24,999",N,9,,Y,20,0,20,0,2,2,2.0,2.2,2013-01-01,2023-05-01,2023-05-01,2023-05-01,2024-03-01,2024-03-01,N,ADAMS,Not Specified,Y,Y,Y
56882024,5688,2024,IN0020000,IN0020000,,N,N,,I,ALLEN,ALLEN CO SO FT WAYNE,Allen,,A,19,Indiana,IN,IN,3,East North Central,2,Midwest,Region II,County,109930,27128,INUCR0001,Indiana State Police,Y,19,9A,"MSA counties 100,000 or over",9,MSA Counties,Y,19,,Y,136,130,266,8,76,84,1.3,3.2,2013-01-01,2020-09-01,2020-09-01,2021-01-01,2021-01-01,2021-01-01,N,ALLEN,"Fort Wayne, IN",Y,Y,Y
56892024,5689,2024,IN0020100,IN0020100,,N,N,,I,FORT WAYNE,FT WAYNE PD,Fort Wayne,,A,19,Indiana,IN,IN,3,East North Central,2,Midwest,Region II,City,271892,27128,INUCR0001,Indiana State Police,N,5,1C,"Cities from 250,000 thru 499,999",1,"All cities 250,000 or over",Y,5,,Y,449,23,472,54,57,111,1.8,2.1,2013-01-01,2020-09-01,2020-09-01,2021-01-01,2021-01-01,2021-01-01,N,ALLEN,"Fort Wayne, IN",Y,Y,Y
56902024,5690,2024,IN0020200,IN0020200,,N,N,,I,NEW HAVEN,NEW HAVEN PD,New Haven,,A,19,Indiana,IN,IN,3,East North Central,2,Midwest,Region II,City,16098,27128,INUCR0001,Indiana State Police,Y,9,5,"Cities from 10,000 thru 24,999",5,"Cities from 10,000 thru 24,999",N,9,,Y,25,3,28,1,6,7,1.6,2.2,2013-01-01,2020-09-01,2020-09-01,2021-01-01,2021-01-01,2021-01-01,N,ALLEN,"Fort Wayne, IN",Y,Y,Y
56912024,5691,2024,IN0030000,IN0030000,,N,N,,I,BARTHOLOMEW,BARTHOLOMEW CO SO COLUMBUS,Bartholomew,,A,19,Indiana,IN,IN,3,East North Central,2,Midwest,Region II,County,32820,27128,INUCR0001,Indiana State Police,Y,20,9B,"MSA counties from 25,000 thru 99,999",9,MSA Counties,N,20,,N,,,,,,,,,2013-01-01,2020-11-01,2020-11-01,2021-01-01,2021-01-01,2021-01-01,N,BARTHOLOMEW,"Columbus, IN",Y,Y,Y
56922024,5692,2024,IN0030100,IN0030100,,N,N,,I,COLUMBUS,COLUMBUS PD,Columbus,,A,19,Indiana,IN,IN,3,East North Central,2,Midwest,Region II,City,51867,27128,INUCR0001,Indiana State Police,N,7,3,"Cities from 50,000 thru 99,999",3,"Cities from 50,000 thru 99,999",N,7,,Y,76,1,77,12,7,19,1.7,1.9,2013-01-01,2020-10-01,2020-10-01,2021-02-01,2021-02-01,2021-02-01,N,BARTHOLOMEW,"Columbus, IN",Y,Y,Y
56982024,5698,2024,IN0060100,IN0060100,,N,N,,I,LEBANON,LEBANON PD,Lebanon,,A,19,Indiana,IN,IN,3,East North Central,2,Midwest,Region II,City,17435,27128,INUCR0001,Indiana State Police,Y,9,5,"Cities from 10,000 thru 24,999",5,"Cities from 10,000 thru 24,999",N,9,,Y,41,0,41,2,3,5,2.5,2.6,2013-01-01,2019-06-01,2019-06-01,2019-09-01,2021-11-01,2019-09-01,N,BOONE,"Indianapolis-Carmel-Greenwood, IN",Y,Y,Y
56992024,5699,2024,IN0060300,IN0060300,,N,N,,I,ZIONSVILLE,ZIONSVILLE PD,Zionsville,,A,19,Indiana,IN,IN,3,East North Central,2,Midwest,Region II,City,33121,27128,INUCR0001,Indiana State Police,Y,8,4,"Cities from 25,000 thru 49,999",4,"Cities from 25,000 thru 49,999",N,8,,Y,38,0,38,5,2,7,1.3,1.4,2013-01-01,2017-09-01,2017-09-01,2018-06-01,2020-10-01,2018-06-01,N,BOONE,"Indianapolis-Carmel-Greenwood, IN",Y,Y,Y
57002024,5700,2024,IN0060500,IN0060500,,N,N,,I,WHITESTOWN,TOWN MARSHAL WHITESTOWN,Whitestown,,A,19,Indiana,IN,IN,3,East North Central,2,Midwest,Region II,City,14097,27128,INUCR0001,Indiana State Police,Y,9,5,"Cities from 10,000 thru 24,999",5,"Cities from 10,000 thru 24,999",N,9,,Y,35,1,36,2,3,5,2.6,2.9,2013-01-01,2017-07-01,2017-07-01,2017-11-01,2021-10-01,2017-11-01,N,BOONE,"Indianapolis-Carmel-Greenwood, IN",Y,Y,Y
57012024,5701,2024,IN0070000,IN0070000,,N,N,,I,BROWN,BROWN CO SO NASHVILLE,Brown,,A,19,Indiana,IN,IN,3,East North Central,2,Midwest,Region II,County,15793,27128,INUCR0001,Indiana State Police,Y,21,9C,"MSA counties from 10,000 thru 24,999",9,MSA Counties,N,21,,N,,,,,,,,,2013-01-01,2020-10-01,2023-02-01,2023-02-01,2023-02-01,2023-02-01,N,BROWN,"Indianapolis-Carmel-Greenwood, IN",Y,Y,Y
57052024,5705,2024,IN0090100,IN0090100,,N,N,,I,LOGANSPORT,LOGANSPORT PD,Logansport,,A,19,Indiana,IN,IN,3,East North Central,2,Midwest,Region II,City,18197,27128,INUCR0001,Indiana State Police,N,9,5,"Cities from 10,000 thru 24,999",5,"Cities from 10,000 thru 24,999",N,9,,Y,36,2,38,2,2,4,2.1,2.3,2013-01-01,2019-04-01,2019-04-01,2019-07-01,2019-07-01,2019-07-01,N,CASS,Not Specified,Y,Y,Y
57062024,5706,2024,IN0100000,IN0100000,,N,N,,I,CLARK,CLARK CO SO JEFFERSONVILLE,Clark,,A,19,Indiana,IN,IN,3,East North Central,2,Midwest,Region II,County,32378,27128,INUCR0001,Indiana State Police,Y,20,9B,"MSA counties from 25,000 thru 99,999",9,MSA Counties,N,20,,Y,36,76,112,2,25,27,1.2,4.3,2013-01-01,2018-01-01,2018-01-01,2020-11-01,2020-11-01,2020-11-01,N,CLARK,"Louisville/Jefferson County, KY-IN",Y,Y,Y
57072024,5707,2024,IN0100100,IN0100100,,N,N,,I,CHARLESTOWN,CHARLESTOWN PD,Charlestown,,A,19,Indiana,IN,IN,3,East North Central,2,Midwest,Region II,City,8685,27128,INUCR0001,Indiana State Police,Y,10,6,"Cities from 2,500 thru 9,999",6,"Cities from 2,500 thru 9,999",N,10,,Y,15,1,16,1,1,2,1.8,2.1,2013-01-01,2020-01-01,2020-01-01,2020-11-01,2020-11-01,2020-11-01,N,CLARK,"Louisville/Jefferson County, KY-IN",Y,Y,Y
57082024,5708,2024,IN0100200,IN0100200,,N,N,,I,CLARKSVILLE,CLARKSVILLE PD,Clarksville,,A,19,Indiana,IN,IN,3,East North Central,2,Midwest,Region II,City,22174,27128,INUCR0001,Indiana State Police,Y,9,5,"Cities from 10,000 thru 24,999",5,"Cities from 10,000 thru 24,999",N,9,,Y,52,2,54,2,4,6,2.4,2.7,2013-01-01,2020-01-01,2020-01-01,2021-02-01,2021-02-01,2021-02-01,N,CLARK,"Louisville/Jefferson County, KY-IN",Y,Y,Y
57092024,5709,2024,IN0100300,IN0100300,,N,N,,I,JEFFERSONVILLE,JEFFERSONVILLE PD,Jeffersonville,,A,19,Indiana,IN,IN,3,East North Central,2,Midwest,Region II,City,51804,27128,INUCR0001,Indiana State Police,N,7,3,"Cities from 50,000 thru 99,999",3,"Cities from 50,000 thru 99,999",N,7,,N,,,,,,,,,2013-01-01,2018-05-01,2018-05-01,2021-02-01,2021-02-01,2021-02-01,N,CLARK,"Louisville/Jefferson County, KY-IN",Y,Y,Y
57112024,5711,2024,IN0110000,IN0110000,,N,N,,I,CLAY,CLAY CO SO BRAZIL,Clay,,A,19,Indiana,IN,IN,3,East North Central,2,Midwest,Region II,County,17684,27128,INUCR0001,Indiana State Police,Y,21,9C,"MSA counties from 10,000 thru 24,999",9,MSA Counties,N,21,,Y,15,44,59,0,21,21,0.8,4.5,2013-01-01,2023-01-01,2023-01-01,2023-01-01,2023-01-01,2023-01-01,N,CLAY,"Terre Haute, IN",Y,Y,Y
57122024,5712,2024,IN0110100,IN0110100,,N,N,,I,BRAZIL,BRAZIL PD,Brazil,,A,19,Indiana,IN,IN,3,East North Central,2,Midwest,Region II,City,8228,27128,INUCR0001,Indiana State Police,Y,10,6,"Cities from 2,500 thru 9,999",6,"Cities from 2,500 thru 9,999",N,10,,N,,,,,,,,,2013-01-01,2021-01-01,2021-01-01,2021-01-01,2021-01-01,2021-01-01,N,CLAY,"Terre Haute, IN",Y,Y,Y
57132024,5713,2024,IN0120000,IN0120000,,N,N,,I,CLINTON,CLINTON CO SO FRANKFORT,Clinton,,A,19,Indiana,IN,IN,3,East North Central,2,Midwest,Region II,County,16443,27128,INUCR0001,Indiana State Police,N,15,8C,"Non-MSA counties from 10,000 thru 24,999",8,Non-MSA Counties,N,15,,Y,22,34,56,3,19,22,1.5,4.7,2013-01-01,2020-06-01,2020-06-01,2020-11-01,2020-11-01,2020-11-01,N,CLINTON,Not Specified,Y,Y,Y
57142024,5714,2024,IN0120100,IN0120100,,N,N,,I,FRANKFORT,FRANKFORT PD,Frankfort,,A,19,Indiana,IN,IN,3,East North Central,2,Midwest,Region II,City,16313,27128,INUCR0001,Indiana State Police,N,9,5,"Cities from 10,000 thru 24,999",5,"Cities from 10,000 thru 24,999",N,9,,Y,35,5,40,2,2,4,2.3,2.7,2013-01-01,2019-07-01,2019-07-01,2019-09-01,2019-09-01,2019-09-01,N,CLINTON,Not Specified,Y,Y,Y
57172024,5717,2024,IN0140100,IN0140100,,N,N,,I,WASHINGTON,WASHINGTON PD,Washington,,A,19,Indiana,IN,IN,3,East North Central,2,Midwest,Region II,City,12674,27128,INUCR0001,Indiana State Police,N,9,5,"Cities from 10,000 thru 24,999",5,"Cities from 10,000 thru 24,999",N,9,,Y,19,0,19,1,2,3,1.6,1.7,2013-01-01,2018-06-01,2018-06-01,2019-09-01,2019-09-01,2019-09-01,N,DAVIESS,Not Specified,Y,Y,Y
57202024,5720,2024,IN0150200,IN0150200,,N,N,,I,LAWRENCEBURG,LAWRENCEBURG PD,Lawrenceburg,,A,19,Indiana,IN,IN,3,East North Central,2,Midwest,Region II,City,5213,27128,INUCR0001,Indiana State Police,Y,10,6,"Cities from 2,500 thru 9,999",6,"Cities from 2,500 thru 9,999",N,10,,N,,,,,,,,,2013-01-01,2020-07-01,2021-07-01,2021-07-01,2021-07-01,2021-07-01,N,DEARBORN,"Cincinnati, OH-KY-IN",Y,Y,Y
57222024,5722,2024,IN0160000,IN0160000,,N,N,,I,DECATUR,DECATUR CO SO GREENSBURG,Decatur,,A,19,Indiana,IN,IN,3,East North Central,2,Midwest,Region II,County,14141,27128,INUCR0001,Indiana State Police,N,15,8C,"Non-MSA counties from 10,000 thru 24,999",8,Non-MSA Counties,N,15,,Y,18,26,44,1,9,10,1.3,3.8,2013-01-01,2023-01-01,2024-01-01,2024-01-01,2024-01-01,2024-01-01,N,DECATUR,Not Specified,Y,Y,Y
57232024,5723,2024,IN0160100,IN0160100,,N,N,,I,GREENSBURG,GREENSBURG PD,Greensburg,,A,19,Indiana,IN,IN,3,East North Central,2,Midwest,Region II,City,12374,27128,INUCR0001,Indiana State Police,N,9,5,"Cities from 10,000 thru 24,999",5,"Cities from 10,000 thru 24,999",N,9,,Y,21,0,21,1,1,2,1.8,1.9,2013-01-01,2023-01-01,2023-01-01,2023-01-01,2023-01-01,2023-01-01,N,DECATUR,Not Specified,Y,Y,Y
57242024,5724,2024,IN0170000,IN0170000,,N,N,,I,DEKALB,DE KALB CO SO AUBURN,DeKalb,,A,19,Indiana,IN,IN,3,East North Central,2,Midwest,Region II,County,19165,27128,INUCR0001,Indiana State Police,N,15,8C,"Non-MSA counties from 10,000 thru 24,999",8,Non-MSA Counties,N,15,,Y,51,2,53,3,4,7,2.8,3.1,2013-01-01,2019-01-01,2019-01-01,2020-08-01,2020-08-01,2020-08-01,N,DEKALB,Not Specified,Y,Y,Y
57252024,5725,2024,IN0170100,IN0170100,,N,N,,I,AUBURN,AUBURN PD,Auburn,,A,19,Indiana,IN,IN,3,East North Central,2,Midwest,Region II,City,14010,27128,INUCR0001,Indiana State Police,N,9,5,"Cities from 10,000 thru 24,999",5,"Cities from 10,000 thru 24,999",N,9,,Y,27,1,28,0,2,2,1.9,2.1,2013-01-01,2019-08-01,2019-08-01,2019-11-01,2019-11-01,2019-11-01,N,DEKALB,Not Specified,Y,Y,Y
57272024,5727,2024,IN0170400,IN0170400,,N,N,,I,WATERLOO,WATERLOO PD,Waterloo,,A,19,Indiana,IN,IN,3,East North Central,2,Midwest,Region II,City,2172,27128,INUCR0001,Indiana State Police,N,11,7,"Cities under 2,500",7,"Cities under 2,500",N,11,,Y,5,0,5,1,0,1,2.8,2.8,2013-01-01,2021-01-01,2022-07-01,2022-07-01,2022-07-01,2022-07-01,N,DEKALB,Not Specified,Y,Y,Y
57282024,5728,2024,IN0180000,IN0180000,,N,N,,I,DELAWARE,DELAWARE CO SO MUNCIE,Delaware,,A,19,Indiana,IN,IN,3,East North Central,2,Midwest,Region II,County,35420,27128,INUCR0001,Indiana State Police,Y,20,9B,"MSA counties from 25,000 thru 99,999",9,MSA Counties,N,20,,Y,44,63,107,0,16,16,1.2,3.5,2013-01-01,2020-02-01,2020-02-01,2020-05-01,2020-05-01,2020-05-01,N,DELAWARE,"Muncie, IN",Y,Y,Y
57292024,5729,2024,IN0180100,IN0180100,,N,N,,I,MUNCIE,MUNCIE PD,Muncie,,A,19,Indiana,IN,IN,3,East North Central,2,Midwest,Region II,City,65072,27128,INUCR0001,Indiana State Police,N,7,3,"Cities from 50,000 thru 99,999",3,"Cities from 50,000 thru 99,999",N,7,,Y,96,3,99,10,9,19,1.6,1.8,2013-01-01,2019-11-01,2019-11-01,2020-06-01,2020-06-01,2020-06-01,N,DELAWARE,"Muncie, IN",Y,Y,Y
57302024,5730,2024,IN0180500,IN0180500,,N,N,,I,BALL STATE UNIVERSITY,BALL STATE UNIVERSITY PD MUNCIE,Ball State University,,A,19,Indiana,IN,IN,3,East North Central,2,Midwest,Region II,University or College,0,27128,INUCR0001,Indiana State Police,Y,11,7,"Cities under 2,500",7,"Cities under 2,500",N,11,,Y,21,2,23,4,5,9,0,0,2013-01-01,2022-01-01,2022-01-01,2022-01-01,2024-03-01,2024-03-01,N,DELAWARE,"Muncie, IN",Y,Y,Y
57322024,5732,2024,IN0190100,IN0190100,,N,N,,I,HUNTINGBURG,HUNTINGBURG PD,Huntingburg,,A,19,Indiana,IN,IN,3,East North Central,2,Midwest,Region II,City,6527,27128,INUCR0001,Indiana State Police,N,10,6,"Cities from 2,500 thru 9,999",6,"Cities from 2,500 thru 9,999",N,10,,Y,15,0,15,0,1,1,2.3,2.5,2013-01-01,2018-03-01,2018-03-01,2019-07-01,2024-09-01,2019-07-01,N,DUBOIS,Not Specified,Y,Y,Y
57332024,5733,2024,IN0190200,IN0190200,,N,N,,I,JASPER,JASPER PD,Jasper,,A,19,Indiana,IN,IN,3,East North Central,2,Midwest,Region II,City,16806,27128,INUCR0001,Indiana State Police,N,9,5,"Cities from 10,000 thru 24,999",5,"Cities from 10,000 thru 24,999",N,9,,Y,25,2,27,0,7,7,1.5,2.0,2013-01-01,2018-07-01,2018-07-01,2018-11-01,2024-05-01,2018-11-01,N,DUBOIS,Not Specified,Y,Y,Y
57342024,5734,2024,IN0200000,IN0200000,,N,N,,I,ELKHART,ELKHART CO SO GOSHEN,Elkhart,,A,19,Indiana,IN,IN,3,East North Central,2,Midwest,Region II,County,111334,27128,INUCR0001,Indiana State Police,Y,19,9A,"MSA counties 100,000 or over",9,MSA Counties,Y,19,,Y,66,78,144,5,45,50,0.6,1.7,2013-01-01,2015-04-01,2021-07-01,2021-07-01,2021-07-01,2021-07-01,N,ELKHART,"Elkhart-Goshen, IN",Y,Y,Y
57352024,5735,2024,IN0200100,IN0200100,,N,N,,I,ELKHART,ELKHART PD,Elkhart,,A,19,Indiana,IN,IN,3,East North Central,2,Midwest,Region II,City,53357,27128,INUCR0001,Indiana State Police,N,7,3,"Cities from 50,000 thru 99,999",3,"Cities from 50,000 thru 99,999",N,7,,Y,114,18,132,7,21,28,2.3,3.0,2013-01-01,2020-01-01,2020-01-01,2020-06-01,2020-06-01,2020-06-01,N,ELKHART,"Elkhart-Goshen, IN",Y,Y,Y
57362024,5736,2024,IN0200200,IN0200200,,N,N,,I,GOSHEN,GOSHEN PD,Goshen,,A,19,Indiana,IN,IN,3,East North Central,2,Midwest,Region II,City,34308,27128,INUCR0001,Indiana State Police,N,8,4,"Cities from 25,000 thru 49,999",4,"Cities from 25,000 thru 49,999",N,8,,Y,63,4,67,3,7,10,1.9,2.2,2013-01-01,2019-11-01,2019-11-01,2020-05-01,2020-05-01,2020-05-01,N,ELKHART,"Elkhart-Goshen, IN",Y,Y,Y
57372024,5737,2024,IN0200300,IN0200300,,N,N,,I,NAPPANEE,NAPPANEE PD,Nappanee,,A,19,Indiana,IN,IN,3,East North Central,2,Midwest,Region II,City,6845,27128,INUCR0001,Indiana State Police,Y,10,6,"Cities from 2,500 thru 9,999",6,"Cities from 2,500 thru 9,999",N,10,,Y,21,1,22,0,1,1,3.1,3.4,2013-01-01,2020-04-01,2020-04-01,2020-05-01,2020-05-01,2020-05-01,N,"ELKHART, KOSCIUSKO","Elkhart-Goshen, IN",Y,Y,Y
57392024,5739,2024,IN0210100,IN0210100,,N,N,,I,CONNERSVILLE,CONNERSVILLE PD,Connersville,,A,19,Indiana,IN,IN,3,East North Central,2,Midwest,Region II,City,13289,27128,INUCR0001,Indiana State Police,N,9,5,"Cities from 10,000 thru 24,999",5,"Cities from 10,000 thru 24,999",N,9,,N,,,,,,,,,2013-01-01,2024-06-01,2024-06-01,2024-06-01,2024-06-01,2024-06-01,N,FAYETTE,Not Specified,Y,Y,Y
57402024,5740,2024,IN0220000,IN0220000,,N,N,,I,FLOYD,FLOYD CO SO NEW ALBANY,Floyd,,A,19,Indiana,IN,IN,3,East North Central,2,Midwest,Region II,County,40393,27128,INUCR0001,Indiana State Police,Y,20,9B,"MSA counties from 25,000 thru 99,999",9,MSA Counties,N,20,,N,,,,,,,,,2013-01-01,2021-01-01,2021-04-01,2021-04-01,2021-04-01,2021-04-01,N,FLOYD,"Louisville/Jefferson County, KY-IN",Y,Y,Y
57412024,5741,2024,IN0220100,IN0220100,,N,N,,I,NEW ALBANY,NEW ALBANY PD,New Albany,,A,19,Indiana,IN,IN,3,East North Central,2,Midwest,Region II,City,37174,27128,INUCR0001,Indiana State Police,Y,8,4,"Cities from 25,000 thru 49,999",4,"Cities from 25,000 thru 49,999",N,8,,Y,64,3,67,6,3,9,1.9,2.0,2013-01-01,2020-01-01,2020-01-01,2021-01-01,2021-01-01,2021-01-01,N,FLOYD,"Louisville/Jefferson County, KY-IN",Y,Y,Y
57422024,5742,2024,IN0220200,IN0220200,,N,N,,I,INDIANA UNIV: SOUTHEAST,INDIANA UNIV PD NEW ALBANY,Indiana University:,Southeast,A,19,Indiana,IN,IN,3,East North Central,2,Midwest,Region II,University or College,0,27128,INUCR0001,Indiana State Police,Y,11,7,"Cities under 2,500",7,"Cities under 2,500",N,11,,N,,,,,,,0,0,2013-01-01,2021-08-01,2022-08-01,2022-08-01,2022-08-01,2022-08-01,N,FLOYD,"Louisville/Jefferson County, KY-IN",Y,Y,Y
57472024,5747,2024,IN0240000,IN0240000,,N,N,,I,FRANKLIN,FRANKLIN CO SO BROOKVILLE,Franklin,,A,19,Indiana,IN,IN,3,East North Central,2,Midwest,Region II,County,18667,27128,INUCR0001,Indiana State Police,Y,21,9C,"MSA counties from 10,000 thru 24,999",9,MSA Counties,N,21,,Y,16,12,28,0,7,7,0.9,1.9,2013-01-01,2021-02-01,2022-09-01,2022-09-01,2023-02-01,2022-09-01,N,FRANKLIN,"Cincinnati, OH-KY-IN",Y,Y,Y
57482024,5748,2024,IN0240100,IN0240100,,N,N,,I,BROOKVILLE,BROOKVILLE PD,Brookville,,A,19,Indiana,IN,IN,3,East North Central,2,Midwest,Region II,City,2650,27128,INUCR0001,Indiana State Police,Y,10,6,"Cities from 2,500 thru 9,999",6,"Cities from 2,500 thru 9,999",N,10,,Y,8,0,8,1,0,1,3.4,3.4,2013-01-01,2019-06-01,2019-06-01,2019-09-01,2019-09-01,2019-09-01,N,FRANKLIN,"Cincinnati, OH-KY-IN",Y,Y,Y
57512024,5751,2024,IN0260000,IN0260000,,N,N,,I,GIBSON,GIBSON CO SO PRINCETON,Gibson,,A,19,Indiana,IN,IN,3,East North Central,2,Midwest,Region II,County,22349,27128,INUCR0001,Indiana State Police,N,15,8C,"Non-MSA counties from 10,000 thru 24,999",8,Non-MSA Counties,N,15,,Y,17,15,32,1,12,13,0.8,2.0,2013-01-01,2021-01-01,2021-07-01,2021-07-01,2021-07-01,2021-07-01,N,GIBSON,Not Specified,Y,Y,Y
57542024,5754,2024,IN0270000,IN0270000,,N,N,,I,GRANT,GRANT CO SO MARION,Grant,,A,19,Indiana,IN,IN,3,East North Central,2,Midwest,Region II,County,29665,27128,INUCR0001,Indiana State Police,N,14,8B,"Non-MSA counties from 25,000 thru 99,999",8,Non-MSA Counties,N,14,,Y,38,31,69,2,20,22,1.3,3.1,2013-01-01,2021-01-01,2021-01-01,2021-01-01,2021-01-01,2021-01-01,N,GRANT,Not Specified,Y,Y,Y
57552024,5755,2024,IN0270100,IN0270100,,N,N,,I,GAS CITY,GAS CITY PD,Gas City,,A,19,Indiana,IN,IN,3,East North Central,2,Midwest,Region II,City,6075,27128,INUCR0001,Indiana State Police,N,10,6,"Cities from 2,500 thru 9,999",6,"Cities from 2,500 thru 9,999",N,10,,Y,11,0,11,2,0,2,2.1,2.1,2013-01-01,2022-01-01,2022-01-01,2022-01-01,2022-01-01,2022-01-01,N,GRANT,Not Specified,Y,Y,Y
57562024,5756,2024,IN0270200,IN0270200,,N,N,,I,MARION,MARION PD,Marion,,A,19,Indiana,IN,IN,3,East North Central,2,Midwest,Region II,City,28057,27128,INUCR0001,Indiana State Police,N,8,4,"Cities from 25,000 thru 49,999",4,"Cities from 25,000 thru 49,999",N,8,,Y,45,2,47,2,6,8,1.7,2.0,2013-01-01,2021-08-01,2021-08-01,2021-08-01,2022-11-01,2022-11-01,N,GRANT,Not Specified,Y,Y,Y
57572024,5757,2024,IN0270300,IN0270300,,N,N,,I,FAIRMOUNT,FAIRMOUNT PD,Fairmount,,A,19,Indiana,IN,IN,3,East North Central,2,Midwest,Region II,City,2654,27128,INUCR0001,Indiana State Police,N,10,6,"Cities from 2,500 thru 9,999",6,"Cities from 2,500 thru 9,999",N,10,,Y,6,0,6,0,1,1,2.3,2.6,2013-01-01,2022-01-01,2023-05-01,2023-05-01,2023-05-01,2023-05-01,N,GRANT,Not Specified,Y,Y,Y
57582024,5758,2024,IN0280000,IN0280000,,N,N,,I,GREENE,GREENE CO SO BLOOMFIELD,Greene,,A,19,Indiana,IN,IN,3,East North Central,2,Midwest,Region II,County,20554,27128,INUCR0001,Indiana State Police,N,15,8C,"Non-MSA counties from 10,000 thru 24,999",8,Non-MSA Counties,N,15,,N,,,,,,,,,2013-01-01,2019-03-01,2019-03-01,2019-07-01,2019-07-01,2019-07-01,N,GREENE,Not Specified,Y,Y,Y
57592024,5759,2024,IN0280200,IN0280200,,N,N,,I,JASONVILLE,JASONVILLE PD,Jasonville,,A,19,Indiana,IN,IN,3,East North Central,2,Midwest,Region II,City,2015,27128,INUCR0001,Indiana State Police,N,11,7,"Cities under 2,500",7,"Cities under 2,500",N,11,,Y,5,0,5,0,0,0,2.5,2.5,2013-01-01,2022-01-01,2022-01-01,2022-01-01,2024-05-01,2024-05-01,N,GREENE,Not Specified,Y,Y,Y
57602024,5760,2024,IN0280300,IN0280300,,N,N,,I,LINTON,LINTON PD,Linton,,A,19,Indiana,IN,IN,3,East North Central,2,Midwest,Region II,City,5213,27128,INUCR0001,Indiana State Police,N,10,6,"Cities from 2,500 thru 9,999",6,"Cities from 2,500 thru 9,999",N,10,,Y,8,2,10,1,5,6,1.7,3.1,2013-01-01,2019-04-01,2019-04-01,2019-07-01,2019-07-01,2019-07-01,N,GREENE,Not Specified,Y,Y,Y
57612024,5761,2024,IN0290000,IN0290000,,N,N,,I,HAMILTON,HAMILTON CO SO NOBLESVILLE,Hamilton,,A,19,Indiana,IN,IN,3,East North Central,2,Midwest,Region II,County,25053,27128,INUCR0001,Indiana State Police,Y,20,9B,"MSA counties from 25,000 thru 99,999",9,MSA Counties,N,20,,Y,58,120,178,3,54,57,2.4,9.4,2013-01-01,2020-05-01,2020-05-01,2020-09-01,2020-09-01,2020-09-01,N,HAMILTON,"Indianapolis-Carmel-Greenwood, IN",Y,Y,Y
57622024,5762,2024,IN0290100,IN0290100,,N,N,,I,CARMEL,CARMEL PD,Carmel,,A,19,Indiana,IN,IN,3,East North Central,2,Midwest,Region II,City,103107,27128,INUCR0001,Indiana State Police,N,6,2,"Cities from 100,000 thru 249,999",2,"Cities from 100,000 thru 249,999",Y,6,,Y,129,21,150,22,17,39,1.5,1.8,2013-01-01,2020-04-01,2020-04-01,2020-09-01,2020-09-01,2020-09-01,N,HAMILTON,"Indianapolis-Carmel-Greenwood, IN",Y,Y,Y
57632024,5763,2024,IN0290200,IN0290200,,N,N,,I,NOBLESVILLE,NOBLESVILLE PD,Noblesville,,A,19,Indiana,IN,IN,3,East North Central,2,Midwest,Region II,City,75216,27128,INUCR0001,Indiana State Police,N,7,3,"Cities from 50,000 thru 99,999",3,"Cities from 50,000 thru 99,999",N,7,,Y,92,2,94,10,12,22,1.4,1.5,2013-01-01,2020-06-01,2020-06-01,2020-10-01,2020-10-01,2020-10-01,N,HAMILTON,"Indianapolis-Carmel-Greenwood, IN",Y,Y,Y
57642024,5764,2024,IN0290400,IN0290400,,N,N,,I,WESTFIELD,WESTFIELD PD,Westfield,,A,19,Indiana,IN,IN,3,East North Central,2,Midwest,Region II,City,61845,27128,INUCR0001,Indiana State Police,N,7,3,"Cities from 50,000 thru 99,999",3,"Cities from 50,000 thru 99,999",N,7,,Y,64,0,64,10,7,17,1.2,1.3,2013-01-01,2013-01-01,2013-01-01,2020-10-01,2020-10-01,2020-10-01,N,HAMILTON,"Indianapolis-Carmel-Greenwood, IN",Y,Y,Y
57652024,5765,2024,IN0290700,IN0290700,,N,N,,I,FISHERS,FISHERS PD,Fishers,,A,19,Indiana,IN,IN,3,East North Central,2,Midwest,Region II,City,105680,27128,INUCR0001,Indiana State Police,N,6,2,"Cities from 100,000 thru 249,999",2,"Cities from 100,000 thru 249,999",Y,6,,Y,115,5,120,10,14,24,1.2,1.4,2013-01-01,2020-05-01,2020-05-01,2020-09-01,2020-09-01,2020-09-01,N,HAMILTON,"Indianapolis-Carmel-Greenwood, IN",Y,Y,Y
57662024,5766,2024,IN0300000,IN0300000,,N,N,,I,HANCOCK,HANCOCK CO SO GREENFIELD,Hancock,,A,19,Indiana,IN,IN,3,East North Central,2,Midwest,Region II,County,36399,27128,INUCR0001,Indiana State Police,Y,20,9B,"MSA counties from 25,000 thru 99,999",9,MSA Counties,N,20,,Y,44,52,96,5,17,22,1.3,3.2,2013-01-01,2015-03-01,2015-03-01,2018-02-01,2021-10-01,2018-02-01,N,HANCOCK,"Indianapolis-Carmel-Greenwood, IN",Y,Y,Y
57672024,5767,2024,IN0300100,IN0300100,,N,N,,I,GREENFIELD,GREENFIELD PD,Greenfield,,A,19,Indiana,IN,IN,3,East North Central,2,Midwest,Region II,City,26755,27128,INUCR0001,Indiana State Police,Y,8,4,"Cities from 25,000 thru 49,999",4,"Cities from 25,000 thru 49,999",N,8,,N,,,,,,,,,2013-01-01,2018-01-01,2018-01-01,2018-05-01,2021-09-01,2018-05-01,N,HANCOCK,"Indianapolis-Carmel-Greenwood, IN",Y,Y,Y
57682024,5768,2024,IN0310000,IN0310000,,N,N,,I,HARRISON,HARRISON CO SO CORYDON,Harrison,,A,19,Indiana,IN,IN,3,East North Central,2,Midwest,Region II,County,37161,27128,INUCR0001,Indiana State Police,Y,20,9B,"MSA counties from 25,000 thru 99,999",9,MSA Counties,N,20,,N,,,,,,,,,2013-01-01,2021-01-01,2021-07-01,2021-07-01,2021-07-01,2021-07-01,N,HARRISON,"Louisville/Jefferson County, KY-IN",Y,Y,Y
57702024,5770,2024,IN0320000,IN0320000,,N,N,,I,HENDRICKS,HENDRICKS CO SO DANVILLE,Hendricks,,A,19,Indiana,IN,IN,3,East North Central,2,Midwest,Region II,County,75446,27128,INUCR0001,Indiana State Police,Y,20,9B,"MSA counties from 25,000 thru 99,999",9,MSA Counties,N,20,,Y,57,52,109,2,26,28,0.8,1.8,2013-01-01,2015-04-01,2015-04-01,2017-08-01,2020-03-01,2017-08-01,N,HENDRICKS,"Indianapolis-Carmel-Greenwood, IN",Y,Y,Y
57712024,5771,2024,IN0320100,IN0320100,,N,N,,I,BROWNSBURG,BROWNSBURG PD,Brownsburg,,A,19,Indiana,IN,IN,3,East North Central,2,Midwest,Region II,City,33343,27128,INUCR0001,Indiana State Police,Y,8,4,"Cities from 25,000 thru 49,999",4,"Cities from 25,000 thru 49,999",N,8,,Y,57,3,60,6,5,11,1.9,2.1,2013-01-01,2020-01-01,2020-01-01,2020-03-01,2020-03-01,2020-03-01,N,HENDRICKS,"Indianapolis-Carmel-Greenwood, IN",Y,Y,Y
57722024,5772,2024,IN0320200,IN0320200,,N,N,,I,DANVILLE,DANVILLE PD,Danville,,A,19,Indiana,IN,IN,3,East North Central,2,Midwest,Region II,City,11830,27128,INUCR0001,Indiana State Police,Y,9,5,"Cities from 10,000 thru 24,999",5,"Cities from 10,000 thru 24,999",N,9,,Y,18,0,18,2,2,4,1.7,1.9,2013-01-01,2020-03-01,2020-03-01,2021-01-01,2021-01-01,2021-01-01,N,HENDRICKS,"Indianapolis-Carmel-Greenwood, IN",Y,Y,Y
57732024,5773,2024,IN0320300,IN0320300,,N,N,,I,PLAINFIELD,PLAINFIELD PD,Plainfield,,A,19,Indiana,IN,IN,3,East North Central,2,Midwest,Region II,City,37790,27128,INUCR0001,Indiana State Police,Y,8,4,"Cities from 25,000 thru 49,999",4,"Cities from 25,000 thru 49,999",N,8,,Y,63,3,66,3,5,8,1.7,2.0,2013-01-01,2019-07-01,2019-07-01,2020-03-01,2020-03-01,2020-03-01,N,HENDRICKS,"Indianapolis-Carmel-Greenwood, IN",Y,Y,Y
57742024,5774,2024,IN0321100,IN0321100,,N,N,,I,AVON,AVON POLICE DEPARTMENT,Avon,,A,19,Indiana,IN,IN,3,East North Central,2,Midwest,Region II,City,25147,27128,INUCR0001,Indiana State Police,Y,8,4,"Cities from 25,000 thru 49,999",4,"Cities from 25,000 thru 49,999",N,8,,N,,,,,,,,,2013-01-01,2017-05-01,2017-05-01,2017-08-01,2020-03-01,2017-08-01,N,HENDRICKS,"Indianapolis-Carmel-Greenwood, IN",Y,Y,Y
57752024,5775,2024,IN0330000,IN0330000,,N,N,,I,HENRY,HENRY CO SO NEW CASTLE,Henry,,A,19,Indiana,IN,IN,3,East North Central,2,Midwest,Region II,County,31681,27128,INUCR0001,Indiana State Police,N,14,8B,"Non-MSA counties from 25,000 thru 99,999",8,Non-MSA Counties,N,14,,Y,26,26,52,1,13,14,0.9,2.1,2013-01-01,2020-04-01,2021-04-01,2021-04-01,2021-04-01,2021-04-01,N,HENRY,Not Specified,Y,Y,Y
57762024,5776,2024,IN0330200,IN0330200,,N,N,,I,NEW CASTLE,NEW CASTLE PD,New Castle,,A,19,Indiana,IN,IN,3,East North Central,2,Midwest,Region II,City,17306,27128,INUCR0001,Indiana State Police,N,9,5,"Cities from 10,000 thru 24,999",5,"Cities from 10,000 thru 24,999",N,9,,N,,,,,,,,,2013-01-01,2024-01-01,2024-01-01,2024-01-01,2024-01-01,2024-01-01,N,HENRY,Not Specified,Y,Y,Y
57772024,5777,2024,IN0340000,IN0340000,,N,N,,I,HOWARD,HOWARD CO SO KOKOMO,Howard,,A,19,Indiana,IN,IN,3,East North Central,2,Midwest,Region II,County,23059,27128,INUCR0001,Indiana State Police,Y,21,9C,"MSA counties from 10,000 thru 24,999",9,MSA Counties,N,21,,Y,38,65,103,2,41,43,1.7,6.3,2013-01-01,2019-02-01,2019-02-01,2020-11-01,2020-11-01,2020-11-01,N,HOWARD,"Kokomo, IN",Y,Y,Y
57782024,5778,2024,IN0340100,IN0340100,,N,N,,I,KOKOMO,KOKOMO PD,Kokomo,,A,19,Indiana,IN,IN,3,East North Central,2,Midwest,Region II,City,59995,27128,INUCR0001,Indiana State Police,N,7,3,"Cities from 50,000 thru 99,999",3,"Cities from 50,000 thru 99,999",N,7,,Y,75,2,77,3,17,20,1.3,1.6,2013-01-01,2020-01-01,2020-01-01,2020-08-01,2020-08-01,2020-08-01,N,HOWARD,"Kokomo, IN",Y,Y,Y
57802024,5780,2024,IN0350000,IN0350000,,N,N,,I,HUNTINGTON,HUNTINGTON CO SO HUNTINGTON,Huntington,,A,19,Indiana,IN,IN,3,East North Central,2,Midwest,Region II,County,18268,27128,INUCR0001,Indiana State Police,N,15,8C,"Non-MSA counties from 10,000 thru 24,999",8,Non-MSA Counties,N,15,,N,,,,,,,,,2013-01-01,2019-06-01,2021-04-01,2021-04-01,2021-04-01,2021-04-01,N,HUNTINGTON,Not Specified,Y,Y,Y
57812024,5781,2024,IN0350100,IN0350100,,N,N,,I,HUNTINGTON,HUNTINGTON PD,Huntington,,A,19,Indiana,IN,IN,3,East North Central,2,Midwest,Region II,City,16985,27128,INUCR0001,Indiana State Police,N,9,5,"Cities from 10,000 thru 24,999",5,"Cities from 10,000 thru 24,999",N,9,,Y,32,2,34,3,1,4,2.1,2.2,2013-01-01,2020-01-01,2020-01-01,2020-08-01,2020-08-01,2020-08-01,N,HUNTINGTON,Not Specified,Y,Y,Y
57822024,5782,2024,IN0360000,IN0360000,,N,N,,I,JACKSON,JACKSON CO SO BROWNSTOWN,Jackson,,A,19,Indiana,IN,IN,3,East North Central,2,Midwest,Region II,County,22015,27128,INUCR0001,Indiana State Police,N,15,8C,"Non-MSA counties from 10,000 thru 24,999",8,Non-MSA Counties,N,15,,Y,19,31,50,0,20,20,0.9,3.2,2013-01-01,2020-07-01,2020-07-01,2020-11-01,2020-11-01,2020-11-01,N,JACKSON,Not Specified,Y,Y,Y
57842024,5784,2024,IN0360200,IN0360200,,N,N,,I,SEYMOUR,SEYMOUR PD,Seymour,,A,19,Indiana,IN,IN,3,East North Central,2,Midwest,Region II,City,21678,27128,INUCR0001,Indiana State Police,N,9,5,"Cities from 10,000 thru 24,999",5,"Cities from 10,000 thru 24,999",N,9,,Y,44,9,53,2,8,10,2.1,2.9,2013-01-01,2020-02-01,2020-02-01,2021-02-01,2021-02-01,2021-02-01,N,JACKSON,Not Specified,Y,Y,Y
57872024,5787,2024,IN0380000,IN0380000,,N,N,,I,JAY,JAY CO SO PORTLAND,Jay,,A,19,Indiana,IN,IN,3,East North Central,2,Midwest,Region II,County,11903,27128,INUCR0001,Indiana State Police,N,15,8C,"Non-MSA counties from 10,000 thru 24,999",8,Non-MSA Counties,N,15,,Y,14,16,30,0,14,14,1.2,3.7,2013-01-01,2022-01-01,2023-02-01,2023-02-01,2023-02-01,2023-02-01,N,JAY,Not Specified,Y,Y,Y
57922024,5792,2024,IN0400000,IN0400000,,N,N,,I,JENNINGS,JENNINGS CO SO VERNON,Jennings,,A,19,Indiana,IN,IN,3,East North Central,2,Midwest,Region II,County,21231,27128,INUCR0001,Indiana State Police,N,15,8C,"Non-MSA counties from 10,000 thru 24,999",8,Non-MSA Counties,N,15,,N,,,,,,,,,2013-01-01,2021-01-01,2021-04-01,2021-04-01,2021-04-01,2021-04-01,N,JENNINGS,Not Specified,Y,Y,Y
57932024,5793,2024,IN0400100,IN0400100,,N,N,,I,NORTH VERNON,NORTH VERNON PD,North Vernon,,A,19,Indiana,IN,IN,3,East North Central,2,Midwest,Region II,City,6553,27128,INUCR0001,Indiana State Police,N,10,6,"Cities from 2,500 thru 9,999",6,"Cities from 2,500 thru 9,999",N,10,,N,,,,,,,,,2013-01-01,2021-01-01,2021-07-01,2021-07-01,2021-07-01,2021-07-01,N,JENNINGS,Not Specified,Y,Y,Y
57942024,5794,2024,IN0410000,IN0410000,,N,N,,I,JOHNSON,JOHNSON CO SO FRANKLIN,Johnson,,A,19,Indiana,IN,IN,3,East North Central,2,Midwest,Region II,County,47503,27128,INUCR0001,Indiana State Police,Y,20,9B,"MSA counties from 25,000 thru 99,999",9,MSA Counties,N,20,,Y,126,6,132,29,11,40,3.3,3.6,2013-01-01,2018-10-01,2018-10-01,2019-09-01,2019-09-01,2019-09-01,N,JOHNSON,"Indianapolis-Carmel-Greenwood, IN",Y,Y,Y
57952024,5795,2024,IN0410100,IN0410100,,N,N,,I,EDINBURGH,EDINBURG PD,Edinburgh,,A,19,Indiana,IN,IN,3,East North Central,2,Midwest,Region II,City,4425,27128,INUCR0001,Indiana State Police,Y,10,6,"Cities from 2,500 thru 9,999",6,"Cities from 2,500 thru 9,999",N,10,,Y,13,0,13,1,1,2,3.2,3.4,2013-01-01,2019-09-01,2019-09-01,2020-03-01,2020-03-01,2020-03-01,N,"BARTHOLOMEW, JOHNSON, SHELBY","Columbus, IN",Y,Y,Y
57962024,5796,2024,IN0410200,IN0410200,,N,N,,I,FRANKLIN,FRANKLIN PD,Franklin,,A,19,Indiana,IN,IN,3,East North Central,2,Midwest,Region II,City,26089,27128,INUCR0001,Indiana State Police,Y,8,4,"Cities from 25,000 thru 49,999",4,"Cities from 25,000 thru 49,999",N,8,,Y,54,2,56,2,5,7,2.1,2.4,2013-01-01,2019-09-01,2019-09-01,2020-03-01,2020-03-01,2020-03-01,N,JOHNSON,"Indianapolis-Carmel-Greenwood, IN",Y,Y,Y
57972024,5797,2024,IN0410300,IN0410300,,N,N,,I,GREENWOOD,GREENWOOD PD,Greenwood,,A,19,Indiana,IN,IN,3,East North Central,2,Midwest,Region II,City,67086,27128,INUCR0001,Indiana State Police,N,7,3,"Cities from 50,000 thru 99,999",3,"Cities from 50,000 thru 99,999",N,7,,Y,67,2,69,6,7,13,1.1,1.2,2013-01-01,2020-06-01,2020-06-01,2020-08-01,2020-08-01,2020-08-01,N,JOHNSON,"Indianapolis-Carmel-Greenwood, IN",Y,Y,Y
57982024,5798,2024,IN0410400,IN0410400,,N,N,,I,NEW WHITELAND,NEW WHITELAND PD,New Whiteland,,A,19,Indiana,IN,IN,3,East North Central,2,Midwest,Region II,City,5843,27128,INUCR0001,Indiana State Police,Y,10,6,"Cities from 2,500 thru 9,999",6,"Cities from 2,500 thru 9,999",N,10,,Y,8,0,8,1,1,2,1.5,1.7,2013-01-01,2019-06-01,2019-06-01,2019-09-01,2019-09-01,2019-09-01,N,JOHNSON,"Indianapolis-Carmel-Greenwood, IN",Y,Y,Y
57992024,5799,2024,IN0410500,IN0410500,,N,N,,I,PRINCE'S LAKES,PRINCES LAKE PD NINEVEH,Prince's Lakes,,A,19,Indiana,IN,IN,3,East North Central,2,Midwest,Region II,City,1370,27128,INUCR0001,Indiana State Police,Y,11,7,"Cities under 2,500",7,"Cities under 2,500",N,11,,Y,3,0,3,0,0,0,2.2,2.2,2013-01-01,2021-01-01,2022-07-01,2022-07-01,2022-07-01,2022-07-01,N,JOHNSON,"Indianapolis-Carmel-Greenwood, IN",Y,Y,Y
58002024,5800,2024,IN0410800,IN0410800,,N,N,,I,BARGERSVILLE,BARGERSVILLE PD,Bargersville,,A,19,Indiana,IN,IN,3,East North Central,2,Midwest,Region II,City,11568,27128,INUCR0001,Indiana State Police,Y,9,5,"Cities from 10,000 thru 24,999",5,"Cities from 10,000 thru 24,999",N,9,,Y,14,0,14,2,1,3,1.4,1.5,2013-01-01,2019-05-01,2019-05-01,2019-07-01,2019-07-01,2019-07-01,N,JOHNSON,"Indianapolis-Carmel-Greenwood, IN",Y,Y,Y
58012024,5801,2024,IN0420000,IN0420000,,N,N,,I,KNOX,KNOX COUNTY POLICE DEPARTMENT,Knox,,A,19,Indiana,IN,IN,3,East North Central,2,Midwest,Region II,County,16655,27128,INUCR0001,Indiana State Police,N,15,8C,"Non-MSA counties from 10,000 thru 24,999",8,Non-MSA Counties,N,15,,Y,32,26,58,1,14,15,2.0,4.4,2013-01-01,2023-01-01,2023-01-01,2023-01-01,2023-01-01,2023-01-01,N,KNOX,Not Specified,Y,Y,Y
58032024,5803,2024,IN0420200,IN0420200,,N,N,,I,VINCENNES,VINCENNES PD,Vincennes,,A,19,Indiana,IN,IN,3,East North Central,2,Midwest,Region II,City,16535,27128,INUCR0001,Indiana State Police,N,9,5,"Cities from 10,000 thru 24,999",5,"Cities from 10,000 thru 24,999",N,9,,Y,33,3,36,3,2,5,2.2,2.5,2013-01-01,2019-12-01,2019-12-01,2020-03-01,2020-03-01,2020-03-01,N,KNOX,Not Specified,Y,Y,Y
58042024,5804,2024,IN0430000,IN0430000,,N,N,,I,KOSCIUSKO,KOSCIUSKO CO SO WARSAW,Kosciusko,,A,19,Indiana,IN,IN,3,East North Central,2,Midwest,Region II,County,52178,27128,INUCR0001,Indiana State Police,N,14,8B,"Non-MSA counties from 25,000 thru 99,999",8,Non-MSA Counties,N,14,,Y,40,31,71,3,31,34,0.8,2.0,2013-01-01,2019-07-01,2019-07-01,2019-11-01,2019-11-01,2019-11-01,N,KOSCIUSKO,Not Specified,Y,Y,Y
58052024,5805,2024,IN0430100,IN0430100,,N,N,,I,WARSAW,WARSAW PD,Warsaw,,A,19,Indiana,IN,IN,3,East North Central,2,Midwest,Region II,City,16195,27128,INUCR0001,Indiana State Police,N,9,5,"Cities from 10,000 thru 24,999",5,"Cities from 10,000 thru 24,999",N,9,,Y,33,4,37,5,4,9,2.3,2.8,2013-01-01,2019-08-01,2019-08-01,2019-11-01,2019-11-01,2019-11-01,N,KOSCIUSKO,Not Specified,Y,Y,Y
58062024,5806,2024,IN0430200,IN0430200,,N,N,,I,WINONA LAKE,WINONA LAKE PD,Winona Lake,,A,19,Indiana,IN,IN,3,East North Central,2,Midwest,Region II,City,5112,27128,INUCR0001,Indiana State Police,N,10,6,"Cities from 2,500 thru 9,999",6,"Cities from 2,500 thru 9,999",N,10,,N,,,,,,,,,2013-01-01,2019-07-01,2019-07-01,2019-11-01,2019-11-01,2019-11-01,N,KOSCIUSKO,Not Specified,Y,Y,Y
58072024,5807,2024,IN0440000,IN0440000,,N,N,,I,LAGRANGE,LAGRANGE CO SO LAGRANGE,LaGrange,,A,19,Indiana,IN,IN,3,East North Central,2,Midwest,Region II,County,36424,27128,INUCR0001,Indiana State Police,N,14,8B,"Non-MSA counties from 25,000 thru 99,999",8,Non-MSA Counties,N,14,,N,,,,,,,,,2013-01-01,2021-01-01,2021-01-01,2021-01-01,2023-05-01,2023-05-01,N,LAGRANGE,Not Specified,Y,Y,Y
58082024,5808,2024,IN0450000,IN0450000,,N,N,,I,LAKE,LAKE CO SO CROWN POINT,Lake,,A,19,Indiana,IN,IN,3,East North Central,2,Midwest,Region II,County,53148,27128,INUCR0001,Indiana State Police,Y,20,9B,"MSA counties from 25,000 thru 99,999",9,MSA Counties,N,20,,Y,145,147,292,16,117,133,3.0,8.0,2013-01-01,2018-12-01,2018-12-01,2019-07-01,2019-07-01,2019-07-01,N,LAKE,"Chicago-Naperville-Elgin, IL-IN",Y,Y,Y
58092024,5809,2024,IN0450100,IN0450100,,N,N,,I,CEDAR LAKE,CEDAR LAKE PD,Cedar Lake,,A,19,Indiana,IN,IN,3,East North Central,2,Midwest,Region II,City,16748,27128,INUCR0001,Indiana State Police,Y,9,5,"Cities from 10,000 thru 24,999",5,"Cities from 10,000 thru 24,999",N,9,,Y,21,0,21,2,2,4,1.4,1.5,2013-01-01,2019-03-01,2019-03-01,2019-07-01,2019-07-01,2019-07-01,N,LAKE,"Chicago-Naperville-Elgin, IL-IN",Y,Y,Y
58102024,5810,2024,IN0450200,IN0450200,,N,N,,I,CROWN POINT,CROWN POINT PD,Crown Point,,A,19,Indiana,IN,IN,3,East North Central,2,Midwest,Region II,City,35185,27128,INUCR0001,Indiana State Police,Y,8,4,"Cities from 25,000 thru 49,999",4,"Cities from 25,000 thru 49,999",N,8,,Y,48,2,50,4,4,8,1.5,1.6,2013-01-01,2021-04-01,2022-09-01,2022-09-01,2022-09-01,2022-09-01,N,LAKE,"Chicago-Naperville-Elgin, IL-IN",Y,Y,Y
58112024,5811,2024,IN0450300,IN0450300,,N,N,,I,EAST CHICAGO,EAST CHICAGO PD,East Chicago,,A,19,Indiana,IN,IN,3,East North Central,2,Midwest,Region II,City,25662,27128,INUCR0001,Indiana State Police,Y,8,4,"Cities from 25,000 thru 49,999",4,"Cities from 25,000 thru 49,999",N,8,,Y,48,2,50,7,5,12,2.1,2.4,2013-01-01,2020-02-01,2020-02-01,2021-01-01,2021-01-01,2021-01-01,N,LAKE,"Chicago-Naperville-Elgin, IL-IN",Y,Y,Y
58132024,5813,2024,IN0450500,IN0450500,,N,N,,I,GARY,GARY PD,Gary,,A,19,Indiana,IN,IN,3,East North Central,2,Midwest,Region II,City,67206,27128,INUCR0001,Indiana State Police,N,7,3,"Cities from 50,000 thru 99,999",3,"Cities from 50,000 thru 99,999",N,7,,Y,137,9,146,13,17,30,2.2,2.6,2013-01-01,2022-01-01,2023-08-01,2023-08-01,2023-08-01,2023-08-01,N,LAKE,"Chicago-Naperville-Elgin, IL-IN",Y,Y,Y
58142024,5814,2024,IN0450600,IN0450600,,N,N,,I,GRIFFITH,GRIFFITH PD,Griffith,,A,19,Indiana,IN,IN,3,East North Central,2,Midwest,Region II,City,16122,27128,INUCR0001,Indiana State Police,Y,9,5,"Cities from 10,000 thru 24,999",5,"Cities from 10,000 thru 24,999",N,9,,Y,31,1,32,2,3,5,2.0,2.3,2013-01-01,2020-04-01,2020-04-01,2020-12-01,2020-12-01,2020-12-01,N,LAKE,"Chicago-Naperville-Elgin, IL-IN",Y,Y,Y
58152024,5815,2024,IN0450700,IN0450700,,N,N,,I,HAMMOND,HAMMOND PD,Hammond,,A,19,Indiana,IN,IN,3,East North Central,2,Midwest,Region II,City,75677,27128,INUCR0001,Indiana State Police,N,7,3,"Cities from 50,000 thru 99,999",3,"Cities from 50,000 thru 99,999",N,7,,Y,173,21,194,13,19,32,2.5,3.0,2013-01-01,2020-06-01,2020-06-01,2021-02-01,2021-02-01,2021-02-01,N,LAKE,"Chicago-Naperville-Elgin, IL-IN",Y,Y,Y
58162024,5816,2024,IN0450800,IN0450800,,N,N,,I,HIGHLAND,HIGHLAND PD,Highland,,A,19,Indiana,IN,IN,3,East North Central,2,Midwest,Region II,City,23381,27128,INUCR0001,Indiana State Police,Y,9,5,"Cities from 10,000 thru 24,999",5,"Cities from 10,000 thru 24,999",N,9,,Y,39,1,40,2,4,6,1.8,2.0,2013-01-01,2019-01-01,2019-01-01,2019-07-01,2019-07-01,2019-07-01,N,LAKE,"Chicago-Naperville-Elgin, IL-IN",Y,Y,Y
58172024,5817,2024,IN0450900,IN0450900,,N,N,,I,HOBART,HOBART PD,Hobart,,A,19,Indiana,IN,IN,3,East North Central,2,Midwest,Region II,City,29306,27128,INUCR0001,Indiana State Police,Y,8,4,"Cities from 25,000 thru 49,999",4,"Cities from 25,000 thru 49,999",N,8,,Y,65,1,66,2,11,13,2.3,2.7,2013-01-01,2019-03-01,2019-03-01,2019-07-01,2019-07-01,2019-07-01,N,LAKE,"Chicago-Naperville-Elgin, IL-IN",Y,Y,Y
58182024,5818,2024,IN0451000,IN0451000,,N,N,,I,MUNSTER,MUNSTER PD,Munster,,A,19,Indiana,IN,IN,3,East North Central,2,Midwest,Region II,City,23524,27128,INUCR0001,Indiana State Police,Y,9,5,"Cities from 10,000 thru 24,999",5,"Cities from 10,000 thru 24,999",N,9,,Y,41,1,42,1,5,6,1.8,2.0,2013-01-01,2019-01-01,2019-01-01,2019-02-01,2019-02-01,2019-02-01,N,LAKE,"Chicago-Naperville-Elgin, IL-IN",Y,Y,Y
58192024,5819,2024,IN0451100,IN0451100,,N,N,,I,WHITING,WHITING PD,Whiting,,A,19,Indiana,IN,IN,3,East North Central,2,Midwest,Region II,City,4485,27128,INUCR0001,Indiana State Police,Y,10,6,"Cities from 2,500 thru 9,999",6,"Cities from 2,500 thru 9,999",N,10,,Y,13,0,13,1,1,2,3.1,3.3,2013-01-01,2020-01-01,2020-01-01,2020-11-01,2020-11-01,2020-11-01,N,LAKE,"Chicago-Naperville-Elgin, IL-IN",Y,Y,Y
58202024,5820,2024,IN0451200,IN0451200,,N,N,,I,LOWELL,LOWELL PD,Lowell,,A,19,Indiana,IN,IN,3,East North Central,2,Midwest,Region II,City,11422,27128,INUCR0001,Indiana State Police,Y,9,5,"Cities from 10,000 thru 24,999",5,"Cities from 10,000 thru 24,999",N,9,,N,,,,,,,,,2013-01-01,2019-02-01,2019-02-01,2019-07-01,2019-07-01,2019-07-01,N,LAKE,"Chicago-Naperville-Elgin, IL-IN",Y,Y,Y
58212024,5821,2024,IN0451300,IN0451300,,N,N,,I,DYER,DYER PD,Dyer,,A,19,Indiana,IN,IN,3,East North Central,2,Midwest,Region II,City,16278,27128,INUCR0001,Indiana State Police,Y,9,5,"Cities from 10,000 thru 24,999",5,"Cities from 10,000 thru 24,999",N,9,,Y,27,0,27,1,3,4,1.7,1.9,2013-01-01,2019-06-01,2019-06-01,2019-11-01,2019-11-01,2019-11-01,N,LAKE,"Chicago-Naperville-Elgin, IL-IN",Y,Y,Y
58222024,5822,2024,IN0451400,IN0451400,,N,N,,I,MERRILLVILLE,MERRILLVILLE PD,Merrillville,,A,19,Indiana,IN,IN,3,East North Central,2,Midwest,Region II,City,36311,27128,INUCR0001,Indiana State Police,Y,8,4,"Cities from 25,000 thru 49,999",4,"Cities from 25,000 thru 49,999",N,8,,Y,58,2,60,5,6,11,1.7,2.0,2013-01-01,2019-02-01,2019-02-01,2019-07-01,2019-07-01,2019-07-01,N,LAKE,"Chicago-Naperville-Elgin, IL-IN",Y,Y,Y
58232024,5823,2024,IN0451500,IN0451500,,N,N,,I,ST. JOHN,ST JOHN PD,St. John,,A,19,Indiana,IN,IN,3,East North Central,2,Midwest,Region II,City,24790,27128,INUCR0001,Indiana State Police,Y,9,5,"Cities from 10,000 thru 24,999",5,"Cities from 10,000 thru 24,999",N,9,,Y,26,1,27,1,4,5,1.1,1.3,2013-01-01,2019-01-01,2019-01-01,2019-07-01,2019-07-01,2019-07-01,N,LAKE,"Chicago-Naperville-Elgin, IL-IN",Y,Y,Y
58242024,5824,2024,IN0451600,IN0451600,,N,N,,I,SCHERERVILLE,SCHERERVILLE PD,Schererville,,A,19,Indiana,IN,IN,3,East North Central,2,Midwest,Region II,City,29656,27128,INUCR0001,Indiana State Police,Y,8,4,"Cities from 25,000 thru 49,999",4,"Cities from 25,000 thru 49,999",N,8,,Y,47,5,52,4,12,16,1.7,2.3,2013-01-01,2019-04-01,2019-04-01,2019-07-01,2019-07-01,2019-07-01,N,LAKE,"Chicago-Naperville-Elgin, IL-IN",Y,Y,Y
58262024,5826,2024,IN0451800,IN0451800,,N,N,,I,INDIANA UNIV: NORTHWEST,INDIANA UNIV PD GARY,Indiana University:,Northwest,A,19,Indiana,IN,IN,3,East North Central,2,Midwest,Region II,University or College,0,27128,INUCR0001,Indiana State Police,Y,11,7,"Cities under 2,500",7,"Cities under 2,500",N,11,,N,,,,,,,0,0,2013-01-01,2021-01-01,2021-11-01,2021-11-01,2021-11-01,2021-11-01,N,LAKE,"Chicago-Naperville-Elgin, IL-IN",Y,Y,Y
58272024,5827,2024,IN0460000,IN0460000,,N,N,,I,LA PORTE,LA PORTE CO SO LA PORTE,La Porte,,A,19,Indiana,IN,IN,3,East North Central,2,Midwest,Region II,County,48099,27128,INUCR0001,Indiana State Police,Y,20,9B,"MSA counties from 25,000 thru 99,999",9,MSA Counties,N,20,,N,,,,,,,,,2013-01-01,2016-04-01,2016-04-01,2017-02-01,2019-11-01,2017-02-01,N,LA PORTE,"Michigan City-La Porte, IN",Y,Y,Y
58282024,5828,2024,IN0460100,IN0460100,,N,N,,I,LA PORTE,LA PORTE PD,La Porte,,A,19,Indiana,IN,IN,3,East North Central,2,Midwest,Region II,City,22511,27128,INUCR0001,Indiana State Police,N,9,5,"Cities from 10,000 thru 24,999",5,"Cities from 10,000 thru 24,999",N,9,,N,,,,,,,,,2013-01-01,2017-07-01,2017-07-01,2017-09-01,2020-08-01,2017-09-01,N,LA PORTE,"Michigan City-La Porte, IN",Y,Y,Y
58292024,5829,2024,IN0460200,IN0460200,,N,N,,I,MICHIGAN CITY,MICHIGAN CITY PD,Michigan City,,A,19,Indiana,IN,IN,3,East North Central,2,Midwest,Region II,City,31543,27128,INUCR0001,Indiana State Police,N,8,4,"Cities from 25,000 thru 49,999",4,"Cities from 25,000 thru 49,999",N,8,,Y,70,4,74,14,8,22,2.7,3.0,2013-01-01,2017-01-01,2017-01-01,2017-08-01,2021-10-01,2017-08-01,N,LA PORTE,"Michigan City-La Porte, IN",Y,Y,Y
58302024,5830,2024,IN0460300,IN0460300,,N,N,,I,LONG BEACH,LONG BEACH PD,Long Beach,,A,19,Indiana,IN,IN,3,East North Central,2,Midwest,Region II,City,1170,27128,INUCR0001,Indiana State Police,Y,11,7,"Cities under 2,500",7,"Cities under 2,500",N,11,,N,,,,,,,,,2013-01-01,2022-02-01,2022-02-01,2022-02-01,2022-02-01,2022-02-01,N,LA PORTE,"Michigan City-La Porte, IN",Y,Y,Y
58362024,5836,2024,IN0470000,IN0470000,,N,N,,I,LAWRENCE,LAWRENCE CO SO BEDFORD,Lawrence,,A,19,Indiana,IN,IN,3,East North Central,2,Midwest,Region II,County,27528,27128,INUCR0001,Indiana State Police,N,14,8B,"Non-MSA counties from 25,000 thru 99,999",8,Non-MSA Counties,N,14,,Y,24,31,55,2,15,17,0.9,2.6,2013-01-01,2022-01-01,2022-01-01,2022-01-01,2022-01-01,2022-01-01,N,LAWRENCE,Not Specified,Y,Y,Y
58372024,5837,2024,IN0470100,IN0470100,,N,N,,I,BEDFORD,BEDFORD PD,Bedford,,A,19,Indiana,IN,IN,3,East North Central,2,Midwest,Region II,City,13872,27128,INUCR0001,Indiana State Police,N,9,5,"Cities from 10,000 thru 24,999",5,"Cities from 10,000 thru 24,999",N,9,,Y,29,2,31,2,6,8,2.2,2.8,2013-01-01,2020-08-01,2020-08-01,2020-09-01,2020-09-01,2020-09-01,N,LAWRENCE,Not Specified,Y,Y,Y
58392024,5839,2024,IN0480000,IN0480000,,N,N,,I,MADISON,MADISON COUNTY PD ANDERSON,Madison,,A,19,Indiana,IN,IN,3,East North Central,2,Midwest,Region II,County,56625,27128,INUCR0001,Indiana State Police,Y,20,9B,"MSA counties from 25,000 thru 99,999",9,MSA Counties,N,20,,Y,38,48,86,4,19,23,0.7,1.9,2013-01-01,2020-05-01,2020-05-01,2020-09-01,2020-09-01,2020-09-01,N,MADISON,"Indianapolis-Carmel-Greenwood, IN",Y,Y,Y
58402024,5840,2024,IN0480100,IN0480100,,N,N,,I,ALEXANDRIA,ALEXANDRIA PD,Alexandria,,A,19,Indiana,IN,IN,3,East North Central,2,Midwest,Region II,City,5169,27128,INUCR0001,Indiana State Police,Y,10,6,"Cities from 2,500 thru 9,999",6,"Cities from 2,500 thru 9,999",N,10,,Y,15,0,15,1,0,1,3.1,3.1,2013-01-01,2024-02-01,2024-02-01,2024-02-01,2024-02-01,2024-02-01,N,MADISON,"Indianapolis-Carmel-Greenwood, IN",Y,Y,Y
58412024,5841,2024,IN0480200,IN0480200,,N,N,,I,ANDERSON,ANDERSON PD,Anderson,,A,19,Indiana,IN,IN,3,East North Central,2,Midwest,Region II,City,55355,27128,INUCR0001,Indiana State Police,N,7,3,"Cities from 50,000 thru 99,999",3,"Cities from 50,000 thru 99,999",N,7,,Y,93,4,97,9,18,27,1.8,2.2,2013-01-01,2020-11-01,2021-04-01,2021-04-01,2021-04-01,2021-04-01,N,MADISON,"Indianapolis-Carmel-Greenwood, IN",Y,Y,Y
58422024,5842,2024,IN0480300,IN0480300,,N,N,,I,ELWOOD,ELWOOD PD,Elwood,,A,19,Indiana,IN,IN,3,East North Central,2,Midwest,Region II,City,8430,27128,INUCR0001,Indiana State Police,Y,10,6,"Cities from 2,500 thru 9,999",6,"Cities from 2,500 thru 9,999",N,10,,Y,18,0,18,1,1,2,2.3,2.4,2013-01-01,2020-09-01,2023-05-01,2023-05-01,2023-05-01,2023-05-01,N,"MADISON, TIPTON","Indianapolis-Carmel-Greenwood, IN",Y,Y,Y
58452024,5845,2024,IN0490100,IN0490100,,N,N,,I,BEECH GROVE,BEECH GROVE PD,Beech Grove,,A,19,Indiana,IN,IN,3,East North Central,2,Midwest,Region II,City,14335,27128,INUCR0001,Indiana State Police,Y,9,5,"Cities from 10,000 thru 24,999",5,"Cities from 10,000 thru 24,999",N,9,,N,,,,,,,,,2013-01-01,2019-05-01,2019-05-01,2020-03-01,2020-03-01,2020-03-01,N,MARION,"Indianapolis-Carmel-Greenwood, IN",Y,Y,Y
58462024,5846,2024,IN0490200,IN0490200,,N,N,,I,LAWRENCE,LAWRENCE PD INDIANAPOLIS,Lawrence,,A,19,Indiana,IN,IN,3,East North Central,2,Midwest,Region II,City,49200,27128,INUCR0001,Indiana State Police,Y,8,4,"Cities from 25,000 thru 49,999",4,"Cities from 25,000 thru 49,999",N,8,,Y,53,4,57,6,12,18,1.2,1.5,2013-01-01,2017-01-01,2017-01-01,2017-11-01,2020-03-01,2017-11-01,N,MARION,"Indianapolis-Carmel-Greenwood, IN",Y,Y,Y
58472024,5847,2024,IN0490300,IN0490300,,N,N,,I,SPEEDWAY,SPEEDWAY PD INDIANAPOLIS,Speedway,,A,19,Indiana,IN,IN,3,East North Central,2,Midwest,Region II,City,14229,27128,INUCR0001,Indiana State Police,Y,9,5,"Cities from 10,000 thru 24,999",5,"Cities from 10,000 thru 24,999",N,9,,Y,31,5,36,4,11,15,2.5,3.6,2013-01-01,2019-06-01,2019-06-01,2020-05-01,2020-05-01,2020-05-01,N,MARION,"Indianapolis-Carmel-Greenwood, IN",Y,Y,Y
58492024,5849,2024,IN0490600,IN0490600,,N,N,,I,INDIANAPOLIS INTRNTL APT,INTERNATIONAL AIRPORT PD INDIANAPOLIS,Indianapolis International Airport,,A,19,Indiana,IN,IN,3,East North Central,2,Midwest,Region II,Other,0,27128,INUCR0001,Indiana State Police,Y,11,7,"Cities under 2,500",7,"Cities under 2,500",N,11,,Y,35,0,35,5,1,6,0,0,2013-01-01,2018-05-01,2018-05-01,2018-11-01,2020-03-01,2018-11-01,N,MARION,"Indianapolis-Carmel-Greenwood, IN",Y,Y,Y
58502024,5850,2024,IN0491900,IN0491900,,N,N,,I,CUMBERLAND,CUMBERLAND,Cumberland,,A,19,Indiana,IN,IN,3,East North Central,2,Midwest,Region II,City,6571,27128,INUCR0001,Indiana State Police,Y,10,6,"Cities from 2,500 thru 9,999",6,"Cities from 2,500 thru 9,999",N,10,,N,,,,,,,,,2013-01-01,2019-07-01,2019-07-01,2020-03-01,2020-03-01,2020-03-01,N,"HANCOCK, MARION","Indianapolis-Carmel-Greenwood, IN",Y,Y,Y
58512024,5851,2024,IN049359E,IN0493500,,N,N,,I,MARIAN UNIVERSITY,MARIAN COLLEGE SECURITY DEPT INDIANAPOLIS,Marian University,,A,19,Indiana,IN,IN,3,East North Central,2,Midwest,Region II,University or College,0,27128,INUCR0001,Indiana State Police,Y,11,7,"Cities under 2,500",7,"Cities under 2,500",N,11,,N,,,,,,,0,0,2013-01-01,2020-01-01,2020-01-01,2020-05-01,2020-05-01,2020-05-01,N,MARION,"Indianapolis-Carmel-Greenwood, IN",Y,Y,Y
58522024,5852,2024,IN0500000,IN0500000,,N,N,,I,MARSHALL,MARSHALL CO SO PLYMOUTH,Marshall,,A,19,Indiana,IN,IN,3,East North Central,2,Midwest,Region II,County,27906,27128,INUCR0001,Indiana State Police,N,14,8B,"Non-MSA counties from 25,000 thru 99,999",8,Non-MSA Counties,N,14,,N,,,,,,,,,2013-01-01,2024-09-01,2024-09-01,2024-09-01,2024-09-01,2024-09-01,N,MARSHALL,Not Specified,Y,Y,Y
58542024,5854,2024,IN0500200,IN0500200,,N,N,,I,PLYMOUTH,PLYMOUTH PD,Plymouth,,A,19,Indiana,IN,IN,3,East North Central,2,Midwest,Region II,City,11261,27128,INUCR0001,Indiana State Police,N,9,5,"Cities from 10,000 thru 24,999",5,"Cities from 10,000 thru 24,999",N,9,,Y,24,0,24,1,1,2,2.2,2.3,2013-01-01,2024-04-01,2024-04-01,2024-04-01,2024-04-01,2024-04-01,N,MARSHALL,Not Specified,Y,Y,Y
58582024,5858,2024,IN0520000,IN0520000,,N,N,,I,MIAMI,MIAMI CO SO PERU,Miami,,A,19,Indiana,IN,IN,3,East North Central,2,Midwest,Region II,County,24465,27128,INUCR0001,Indiana State Police,N,15,8C,"Non-MSA counties from 10,000 thru 24,999",8,Non-MSA Counties,N,15,,Y,16,28,44,2,24,26,0.7,2.9,2013-01-01,2020-01-01,2020-01-01,2020-08-01,2020-08-01,2020-08-01,N,MIAMI,Not Specified,Y,Y,Y
58602024,5860,2024,IN0530000,IN0530000,,N,N,,I,MONROE,MONROE CO SO BLOOMINGTON,Monroe,,A,19,Indiana,IN,IN,3,East North Central,2,Midwest,Region II,County,54536,27128,INUCR0001,Indiana State Police,Y,20,9B,"MSA counties from 25,000 thru 99,999",9,MSA Counties,N,20,,Y,42,67,109,2,28,30,0.8,2.5,2013-01-01,2019-01-01,2019-01-01,2019-07-01,2019-07-01,2019-07-01,N,MONROE,"Bloomington, IN",Y,Y,Y
58612024,5861,2024,IN0530100,IN0530100,,N,N,,I,BLOOMINGTON,BLOOMINGTON PD,Bloomington,,A,19,Indiana,IN,IN,3,East North Central,2,Midwest,Region II,City,78762,27128,INUCR0001,Indiana State Police,N,7,3,"Cities from 50,000 thru 99,999",3,"Cities from 50,000 thru 99,999",N,7,,Y,79,20,99,12,42,54,1.2,1.9,2013-01-01,2019-03-01,2019-03-01,2020-01-01,2020-01-01,2020-01-01,N,MONROE,"Bloomington, IN",Y,Y,Y
58622024,5862,2024,IN0530200,IN0530200,,N,N,,I,INDIANA UNIV:BLOOMINGTON,INDIANA UNIVERSITY PD BLOOMINGTON,Indiana University:,Bloomington,A,19,Indiana,IN,IN,3,East North Central,2,Midwest,Region II,University or College,0,27128,INUCR0001,Indiana State Police,Y,11,7,"Cities under 2,500",7,"Cities under 2,500",N,11,,N,,,,,,,0,0,2013-01-01,2021-01-01,2021-11-01,2021-11-01,2021-11-01,2021-11-01,N,MONROE,"Bloomington, IN",Y,Y,Y
58642024,5864,2024,IN0540000,IN0540000,,N,N,,I,MONTGOMERY,MONTGOMERY CO SO CRAWFORDSVILLE,Montgomery,,A,19,Indiana,IN,IN,3,East North Central,2,Midwest,Region II,County,22333,27128,INUCR0001,Indiana State Police,N,15,8C,"Non-MSA counties from 10,000 thru 24,999",8,Non-MSA Counties,N,15,,Y,26,25,51,2,12,14,1.3,2.9,2013-01-01,2019-06-01,2019-06-01,2019-09-01,2021-10-01,2019-09-01,N,MONTGOMERY,Not Specified,Y,Y,Y
58652024,5865,2024,IN0540100,IN0540100,,N,N,,I,CRAWFORDSVILLE,CRAWFORDSVILLE PD,Crawfordsville,,A,19,Indiana,IN,IN,3,East North Central,2,Midwest,Region II,City,16662,27128,INUCR0001,Indiana State Police,N,9,5,"Cities from 10,000 thru 24,999",5,"Cities from 10,000 thru 24,999",N,9,,Y,38,2,40,2,2,4,2.4,2.6,2013-01-01,2021-05-01,2022-09-01,2022-09-01,2022-11-01,2022-09-01,N,MONTGOMERY,Not Specified,Y,Y,Y
58702024,5870,2024,IN0570000,IN0570000,,N,N,,I,NOBLE,NOBLE CO SO ALBION,Noble,,A,19,Indiana,IN,IN,3,East North Central,2,Midwest,Region II,County,30597,27128,INUCR0001,Indiana State Police,N,14,8B,"Non-MSA counties from 25,000 thru 99,999",8,Non-MSA Counties,N,14,,Y,45,0,45,7,9,16,1.7,2.0,2013-01-01,2018-10-01,2018-10-01,2019-11-01,2019-11-01,2019-11-01,N,NOBLE,Not Specified,Y,Y,Y
58712024,5871,2024,IN0570100,IN0570100,,N,N,,I,KENDALLVILLE,KENDALLVILLE PD,Kendallville,,A,19,Indiana,IN,IN,3,East North Central,2,Midwest,Region II,City,10229,27128,INUCR0001,Indiana State Police,N,9,5,"Cities from 10,000 thru 24,999",5,"Cities from 10,000 thru 24,999",N,9,,Y,18,5,23,2,6,8,2.0,3.0,2013-01-01,2019-06-01,2019-06-01,2019-11-01,2019-11-01,2019-11-01,N,NOBLE,Not Specified,Y,Y,Y
58722024,5872,2024,IN0570200,IN0570200,,N,N,,I,LIGONIER,LIGONIER PD,Ligonier,,A,19,Indiana,IN,IN,3,East North Central,2,Midwest,Region II,City,4623,27128,INUCR0001,Indiana State Police,N,10,6,"Cities from 2,500 thru 9,999",6,"Cities from 2,500 thru 9,999",N,10,,Y,12,0,12,0,0,0,2.6,2.6,2013-01-01,2024-10-01,2024-10-01,2024-10-01,2024-10-01,2024-10-01,N,NOBLE,Not Specified,Y,Y,Y
58732024,5873,2024,IN0570300,IN0570300,,N,N,,I,ALBION,ALBION PD,Albion,,A,19,Indiana,IN,IN,3,East North Central,2,Midwest,Region II,City,2224,27128,INUCR0001,Indiana State Police,N,11,7,"Cities under 2,500",7,"Cities under 2,500",N,11,,Y,4,0,4,0,0,0,1.8,1.8,2013-01-01,2020-02-01,2020-02-01,2021-02-01,2021-02-01,2021-02-01,N,NOBLE,Not Specified,Y,Y,Y
58812024,5881,2024,IN0620000,IN0620000,,N,N,,I,PERRY,PERRY CO SO CANNELTON,Perry,,A,19,Indiana,IN,IN,3,East North Central,2,Midwest,Region II,County,9997,27128,INUCR0001,Indiana State Police,N,16,8D,"Non-MSA counties under 10,000",8,Non-MSA Counties,N,16,,N,,,,,,,,,2013-01-01,2023-01-01,2023-01-01,2023-01-01,2023-01-01,2023-01-01,N,PERRY,Not Specified,Y,Y,Y
58822024,5882,2024,IN0620100,IN0620100,,N,N,,I,TELL CITY,TELL CITY PD,Tell City,,A,19,Indiana,IN,IN,3,East North Central,2,Midwest,Region II,City,7480,27128,INUCR0001,Indiana State Police,N,10,6,"Cities from 2,500 thru 9,999",6,"Cities from 2,500 thru 9,999",N,10,,N,,,,,,,,,2013-01-01,2022-01-01,2023-02-01,2023-02-01,2023-02-01,2023-02-01,N,PERRY,Not Specified,Y,Y,Y
58832024,5883,2024,IN0620200,IN0620200,,N,N,,I,CANNELTON,CANNELTON PD,Cannelton,,A,19,Indiana,IN,IN,3,East North Central,2,Midwest,Region II,City,1487,27128,INUCR0001,Indiana State Police,N,11,7,"Cities under 2,500",7,"Cities under 2,500",N,11,,Y,3,0,3,0,0,0,2.0,2.0,2013-01-01,2016-08-01,2016-08-01,2018-07-01,2018-07-01,2018-07-01,N,PERRY,Not Specified,Y,Y,Y
58862024,5886,2024,IN0640000,IN0640000,,N,N,,I,PORTER,PORTER CO SO VALPARAISO,Porter,,A,19,Indiana,IN,IN,3,East North Central,2,Midwest,Region II,County,74353,27128,INUCR0001,Indiana State Police,Y,20,9B,"MSA counties from 25,000 thru 99,999",9,MSA Counties,N,20,,Y,68,7,75,3,14,17,1.0,1.2,2013-01-01,2020-09-01,2020-09-01,2021-01-01,2021-01-01,2021-01-01,N,PORTER,"Chicago-Naperville-Elgin, IL-IN",Y,Y,Y
58872024,5887,2024,IN0640100,IN0640100,,N,N,,I,CHESTERTON,CHESTERTON PD,Chesterton,,A,19,Indiana,IN,IN,3,East North Central,2,Midwest,Region II,City,14787,27128,INUCR0001,Indiana State Police,Y,9,5,"Cities from 10,000 thru 24,999",5,"Cities from 10,000 thru 24,999",N,9,,Y,23,0,23,5,5,10,1.9,2.2,2013-01-01,2021-01-01,2021-04-01,2021-04-01,2021-04-01,2021-04-01,N,PORTER,"Chicago-Naperville-Elgin, IL-IN",Y,Y,Y
58882024,5888,2024,IN0640200,IN0640200,,N,N,,I,PORTAGE,PORTAGE PD,Portage,,A,19,Indiana,IN,IN,3,East North Central,2,Midwest,Region II,City,38700,27128,INUCR0001,Indiana State Police,Y,8,4,"Cities from 25,000 thru 49,999",4,"Cities from 25,000 thru 49,999",N,8,,Y,68,0,68,3,7,10,1.8,2.0,2013-01-01,2020-11-01,2020-11-01,2021-01-01,2021-01-01,2021-01-01,N,PORTER,"Chicago-Naperville-Elgin, IL-IN",Y,Y,Y
58892024,5889,2024,IN0640300,IN0640300,,N,N,,I,VALPARAISO,VALPARAISO PD,Valparaiso,,A,19,Indiana,IN,IN,3,East North Central,2,Midwest,Region II,City,34784,27128,INUCR0001,Indiana State Police,Y,8,4,"Cities from 25,000 thru 49,999",4,"Cities from 25,000 thru 49,999",N,8,,Y,58,0,58,6,7,13,1.8,2.0,2013-01-01,2020-12-01,2021-04-01,2021-04-01,2021-04-01,2021-04-01,N,PORTER,"Chicago-Naperville-Elgin, IL-IN",Y,Y,Y
58912024,5891,2024,IN0640600,IN0640600,,N,N,,I,PORTER,PORTER PD CHESTERTON,Porter,,A,19,Indiana,IN,IN,3,East North Central,2,Midwest,Region II,City,5205,27128,INUCR0001,Indiana State Police,Y,10,6,"Cities from 2,500 thru 9,999",6,"Cities from 2,500 thru 9,999",N,10,,N,,,,,,,,,2013-01-01,2021-01-01,2021-04-01,2021-04-01,2021-04-01,2021-04-01,N,PORTER,"Chicago-Naperville-Elgin, IL-IN",Y,Y,Y
58942024,5894,2024,IN0650000,IN0650000,,N,N,,I,POSEY,POSEY CO SO MOUNT VERNON,Posey,,A,19,Indiana,IN,IN,3,East North Central,2,Midwest,Region II,County,18263,27128,INUCR0001,Indiana State Police,Y,21,9C,"MSA counties from 10,000 thru 24,999",9,MSA Counties,N,21,,N,,,,,,,,,2013-01-01,2021-01-01,2021-04-01,2021-04-01,2021-04-01,2021-04-01,N,POSEY,"Evansville, IN",Y,Y,Y
58952024,5895,2024,IN0650100,IN0650100,,N,N,,I,MOUNT VERNON,MOUNT VERNON PD,Mount Vernon,,A,19,Indiana,IN,IN,3,East North Central,2,Midwest,Region II,City,6315,27128,INUCR0001,Indiana State Police,Y,10,6,"Cities from 2,500 thru 9,999",6,"Cities from 2,500 thru 9,999",N,10,,Y,14,0,14,1,0,1,2.4,2.4,2013-01-01,2021-01-01,2021-04-01,2021-04-01,2021-04-01,2021-04-01,N,POSEY,"Evansville, IN",Y,Y,Y
58962024,5896,2024,IN0660000,IN0660000,,N,N,,I,PULASKI,PULASKI COUNTY PD WINAMAC,Pulaski,,A,19,Indiana,IN,IN,3,East North Central,2,Midwest,Region II,County,12408,27128,INUCR0001,Indiana State Police,N,15,8C,"Non-MSA counties from 10,000 thru 24,999",8,Non-MSA Counties,N,15,,Y,13,14,27,0,15,15,1.0,3.4,2013-01-01,2017-09-01,2017-09-01,2018-07-01,2022-03-01,2018-07-01,N,PULASKI,Not Specified,Y,Y,Y
58972024,5897,2024,IN0670000,IN0670000,,N,N,,I,PUTNAM,PUTNAM CO SO GREENCASTLE,Putnam,,A,19,Indiana,IN,IN,3,East North Central,2,Midwest,Region II,County,27294,27128,INUCR0001,Indiana State Police,N,14,8B,"Non-MSA counties from 25,000 thru 99,999",8,Non-MSA Counties,N,14,,N,,,,,,,,,2013-01-01,2020-05-01,2020-05-01,2020-11-01,2020-11-01,2020-11-01,N,PUTNAM,Not Specified,Y,Y,Y
59052024,5905,2024,IN0690100,IN0690100,,N,N,,I,BATESVILLE,BATESVILLE PD,Batesville,,A,19,Indiana,IN,IN,3,East North Central,2,Midwest,Region II,City,7403,27128,INUCR0001,Indiana State Police,N,10,6,"Cities from 2,500 thru 9,999",6,"Cities from 2,500 thru 9,999",N,10,,Y,12,1,13,2,4,6,1.9,2.6,2013-01-01,2019-06-01,2019-06-01,2019-11-01,2019-11-01,2019-11-01,N,"FRANKLIN, RIPLEY","Cincinnati, OH-KY-IN",Y,Y,Y
59062024,5906,2024,IN0700000,IN0700000,,N,N,,I,RUSH,RUSH CO SO RUSHVILLE,Rush,,A,19,Indiana,IN,IN,3,East North Central,2,Midwest,Region II,County,10775,27128,INUCR0001,Indiana State Police,N,15,8C,"Non-MSA counties from 10,000 thru 24,999",8,Non-MSA Counties,N,15,,Y,12,11,23,1,14,15,1.2,3.5,2013-01-01,2024-10-01,2024-10-01,2024-10-01,2024-10-01,2024-10-01,N,RUSH,Not Specified,Y,Y,Y
59072024,5907,2024,IN0700100,IN0700100,,N,N,,I,RUSHVILLE,RUSHVILLE PD,Rushville,,A,19,Indiana,IN,IN,3,East North Central,2,Midwest,Region II,City,6190,27128,INUCR0001,Indiana State Police,N,10,6,"Cities from 2,500 thru 9,999",6,"Cities from 2,500 thru 9,999",N,10,,Y,11,2,13,1,4,5,1.9,2.9,2013-01-01,2024-09-01,2024-09-01,2024-09-01,2024-09-01,2024-09-01,N,RUSH,Not Specified,Y,Y,Y
59082024,5908,2024,IN0710000,IN0710000,,N,N,,I,ST. JOSEPH,ST JOSEPH CO SO SOUTH BEND,St. Joseph,,A,19,Indiana,IN,IN,3,East North Central,2,Midwest,Region II,County,111095,27128,INUCR0001,Indiana State Police,Y,19,9A,"MSA counties 100,000 or over",9,MSA Counties,Y,19,,Y,94,97,191,9,56,65,0.9,2.3,2013-01-01,2018-10-01,2018-10-01,2019-07-01,2021-02-01,2019-07-01,N,ST JOSEPH,"South Bend-Mishawaka, IN-MI",Y,Y,Y
59092024,5909,2024,IN0710100,IN0710100,,N,N,,I,MISHAWAKA,MISHAWAKA PD,Mishawaka,,A,19,Indiana,IN,IN,3,East North Central,2,Midwest,Region II,City,50776,27128,INUCR0001,Indiana State Police,N,7,3,"Cities from 50,000 thru 99,999",3,"Cities from 50,000 thru 99,999",N,7,,Y,94,3,97,6,8,14,2.0,2.2,2013-01-01,2020-01-01,2020-01-01,2020-11-01,2020-11-01,2020-11-01,N,ST JOSEPH,"South Bend-Mishawaka, IN-MI",Y,Y,Y
59102024,5910,2024,IN0710200,IN0710200,,N,N,,I,SOUTH BEND,SOUTH BEND PD,South Bend,,A,19,Indiana,IN,IN,3,East North Central,2,Midwest,Region II,City,103415,27128,INUCR0001,Indiana State Police,N,6,2,"Cities from 100,000 thru 249,999",2,"Cities from 100,000 thru 249,999",Y,6,,Y,222,21,243,25,34,59,2.4,2.9,2013-01-01,2018-08-01,2018-08-01,2018-11-01,2018-11-01,2018-11-01,N,ST JOSEPH,"South Bend-Mishawaka, IN-MI",Y,Y,Y
59112024,5911,2024,IN0710300,IN0710300,,N,N,,I,WALKERTON,WALKERTON PD,Walkerton,,A,19,Indiana,IN,IN,3,East North Central,2,Midwest,Region II,City,2090,27128,INUCR0001,Indiana State Police,Y,11,7,"Cities under 2,500",7,"Cities under 2,500",N,11,,Y,6,0,6,0,4,4,2.9,4.8,2013-01-01,2019-04-01,2019-04-01,2019-09-01,2021-09-01,2019-09-01,N,ST JOSEPH,"South Bend-Mishawaka, IN-MI",Y,Y,Y
59132024,5913,2024,IN0710700,IN0710700,,N,N,,I,ROSELAND,ROSELAND PD,Roseland,,A,19,Indiana,IN,IN,3,East North Central,2,Midwest,Region II,City,851,27128,INUCR0001,Indiana State Police,Y,11,7,"Cities under 2,500",7,"Cities under 2,500",N,11,,Y,6,0,6,0,1,1,7.1,8.2,2013-01-01,2019-07-01,2019-07-01,2019-09-01,2020-08-01,2019-09-01,N,ST JOSEPH,"South Bend-Mishawaka, IN-MI",Y,Y,Y
59142024,5914,2024,IN0710800,IN0710800,,N,N,,I,INDIANA UNIV: SOUTH BEND,INDIANA UNIV PD SOUTH BEND,Indiana University:,South Bend,A,19,Indiana,IN,IN,3,East North Central,2,Midwest,Region II,University or College,0,27128,INUCR0001,Indiana State Police,Y,11,7,"Cities under 2,500",7,"Cities under 2,500",N,11,,N,,,,,,,0,0,2013-01-01,2021-01-01,2021-11-01,2021-11-01,2021-11-01,2021-11-01,N,ST JOSEPH,"South Bend-Mishawaka, IN-MI",Y,Y,Y
59152024,5915,2024,IN0711100,IN0711100,,N,N,,I,ST. JOSEPH CO AIRPORT AU,DPS ST JOSEPH CO AIRPORT AUTH SOUTH BEND,St. Joseph County Airport Authority,,A,19,Indiana,IN,IN,3,East North Central,2,Midwest,Region II,Other,0,27128,INUCR0001,Indiana State Police,Y,22,9D,"MSA counties under 10,000",9,MSA Counties,N,22,,N,,,,,,,0,0,2013-01-01,2022-01-01,2022-01-01,2022-01-01,2023-05-01,2023-05-01,N,ST JOSEPH,"South Bend-Mishawaka, IN-MI",Y,Y,Y
59162024,5916,2024,IN0720000,IN0720000,,N,N,,I,SCOTT,SCOTT CO SO SCOTTSBURG,Scott,,A,19,Indiana,IN,IN,3,East North Central,2,Midwest,Region II,County,13304,27128,INUCR0001,Indiana State Police,N,15,8C,"Non-MSA counties from 10,000 thru 24,999",8,Non-MSA Counties,N,15,,Y,16,0,16,0,0,0,1.2,1.2,2013-01-01,2022-01-01,2023-02-01,2023-02-01,2023-02-01,2023-02-01,N,SCOTT,Not Specified,Y,Y,Y
59182024,5918,2024,IN0720200,IN0720200,,N,N,,I,AUSTIN,AUSTIN PD,Austin,,A,19,Indiana,IN,IN,3,East North Central,2,Midwest,Region II,City,4195,27128,INUCR0001,Indiana State Police,N,10,6,"Cities from 2,500 thru 9,999",6,"Cities from 2,500 thru 9,999",N,10,,Y,9,0,9,0,0,0,2.1,2.1,2013-01-01,2022-01-01,2023-02-01,2023-02-01,2023-02-01,2023-02-01,N,SCOTT,Not Specified,Y,Y,Y
59192024,5919,2024,IN0730000,IN0730000,,N,N,,I,SHELBY,SHELBY CO SO SHELBYVILLE,Shelby,,A,19,Indiana,IN,IN,3,East North Central,2,Midwest,Region II,County,24568,27128,INUCR0001,Indiana State Police,Y,21,9C,"MSA counties from 10,000 thru 24,999",9,MSA Counties,N,21,,Y,36,26,62,1,25,26,1.5,3.6,2013-01-01,2020-07-01,2023-05-01,2023-05-01,2023-05-01,2023-05-01,N,SHELBY,"Indianapolis-Carmel-Greenwood, IN",Y,Y,Y
59202024,5920,2024,IN0730100,IN0730100,,N,N,,I,SHELBYVILLE,SHELBYVILLE PD,Shelbyville,,A,19,Indiana,IN,IN,3,East North Central,2,Midwest,Region II,City,20773,27128,INUCR0001,Indiana State Police,Y,9,5,"Cities from 10,000 thru 24,999",5,"Cities from 10,000 thru 24,999",N,9,,N,,,,,,,,,2013-01-01,2020-08-01,2020-08-01,2021-01-01,2021-01-01,2021-01-01,N,SHELBY,"Indianapolis-Carmel-Greenwood, IN",Y,Y,Y
59222024,5922,2024,IN0750000,IN0750000,,N,N,,I,STARKE,STARKE CO SO KNOX,Starke,,A,19,Indiana,IN,IN,3,East North Central,2,Midwest,Region II,County,17891,27128,INUCR0001,Indiana State Police,N,15,8C,"Non-MSA counties from 10,000 thru 24,999",8,Non-MSA Counties,N,15,,N,,,,,,,,,2013-01-01,2019-07-01,2019-07-01,2019-09-01,2021-11-01,2019-09-01,N,STARKE,Not Specified,Y,Y,Y
59232024,5923,2024,IN0750100,IN0750100,,N,N,,I,KNOX,KNOX PD,Knox,,A,19,Indiana,IN,IN,3,East North Central,2,Midwest,Region II,City,3578,27128,INUCR0001,Indiana State Police,N,10,6,"Cities from 2,500 thru 9,999",6,"Cities from 2,500 thru 9,999",N,10,,N,,,,,,,,,2013-01-01,2019-08-01,2019-08-01,2019-11-01,2021-11-01,2019-11-01,N,STARKE,Not Specified,Y,Y,Y
59252024,5925,2024,IN0760000,IN0760000,,N,N,,I,STEUBEN,STEUBEN CO SO ANGOLA,Steuben,,A,19,Indiana,IN,IN,3,East North Central,2,Midwest,Region II,County,23344,27128,INUCR0001,Indiana State Police,N,15,8C,"Non-MSA counties from 10,000 thru 24,999",8,Non-MSA Counties,N,15,,Y,24,31,55,1,17,18,1.1,3.1,2013-01-01,2019-08-01,2019-08-01,2019-11-01,2019-11-01,2019-11-01,N,STEUBEN,Not Specified,Y,Y,Y
59262024,5926,2024,IN0760100,IN0760100,,N,N,,I,ANGOLA,ANGOLA PD,Angola,,A,19,Indiana,IN,IN,3,East North Central,2,Midwest,Region II,City,9488,27128,INUCR0001,Indiana State Police,N,10,6,"Cities from 2,500 thru 9,999",6,"Cities from 2,500 thru 9,999",N,10,,Y,17,1,18,3,3,6,2.1,2.5,2013-01-01,2019-04-01,2019-04-01,2019-09-01,2019-09-01,2019-09-01,N,STEUBEN,Not Specified,Y,Y,Y
59272024,5927,2024,IN0770000,IN0770000,,N,N,,I,SULLIVAN,SULLIVAN CO SO SULLIVAN,Sullivan,,A,19,Indiana,IN,IN,3,East North Central,2,Midwest,Region II,County,15518,27128,INUCR0001,Indiana State Police,Y,21,9C,"MSA counties from 10,000 thru 24,999",9,MSA Counties,N,21,,N,,,,,,,,,2013-01-01,2021-06-01,2022-04-01,2022-04-01,2022-04-01,2022-04-01,N,SULLIVAN,"Terre Haute, IN",Y,Y,Y
59302024,5930,2024,IN0790000,IN0790000,,N,N,,I,TIPPECANOE,TIPPECANOE CO SO LAFAYETTE,Tippecanoe,,A,19,Indiana,IN,IN,3,East North Central,2,Midwest,Region II,County,72349,27128,INUCR0001,Indiana State Police,Y,20,9B,"MSA counties from 25,000 thru 99,999",9,MSA Counties,N,20,,Y,56,65,121,7,39,46,0.9,2.3,2013-01-01,2021-01-01,2021-06-01,2021-06-01,2021-06-01,2021-06-01,N,TIPPECANOE,"Lafayette-West Lafayette, IN",Y,Y,Y
59312024,5931,2024,IN0790100,IN0790100,,N,N,,I,LAFAYETTE,LAFAYETTE PD,Lafayette,,A,19,Indiana,IN,IN,3,East North Central,2,Midwest,Region II,City,71374,27128,INUCR0001,Indiana State Police,N,7,3,"Cities from 50,000 thru 99,999",3,"Cities from 50,000 thru 99,999",N,7,,Y,134,17,151,5,38,43,1.9,2.7,2013-01-01,2021-11-01,2023-02-01,2023-02-01,2023-02-01,2023-02-01,N,TIPPECANOE,"Lafayette-West Lafayette, IN",Y,Y,Y
59322024,5932,2024,IN0790200,IN0790200,,N,N,,I,WEST LAFAYETTE,WEST LAFAYETTE PD,West Lafayette,,A,19,Indiana,IN,IN,3,East North Central,2,Midwest,Region II,City,44906,27128,INUCR0001,Indiana State Police,N,8,4,"Cities from 25,000 thru 49,999",4,"Cities from 25,000 thru 49,999",N,8,,Y,42,12,54,5,9,14,1.0,1.5,2013-01-01,2020-11-01,2021-05-01,2021-05-01,2021-05-01,2021-05-01,N,TIPPECANOE,"Lafayette-West Lafayette, IN",Y,Y,Y
59332024,5933,2024,IN0790300,IN0790300,,N,N,,I,PURDUE UNIVERSITY,PURDUE UNIVERSITY PD WEST LAFAYETTE,Purdue University,,A,19,Indiana,IN,IN,3,East North Central,2,Midwest,Region II,University or College,0,27128,INUCR0001,Indiana State Police,Y,11,7,"Cities under 2,500",7,"Cities under 2,500",N,11,,N,,,,,,,0,0,2013-01-01,2021-01-01,2023-05-01,2023-05-01,2023-05-01,2023-05-01,N,TIPPECANOE,"Lafayette-West Lafayette, IN",Y,Y,Y
59362024,5936,2024,IN0800100,IN0800100,,N,N,,I,TIPTON,TIPTON PD,Tipton,,A,19,Indiana,IN,IN,3,East North Central,2,Midwest,Region II,City,5230,27128,INUCR0001,Indiana State Police,Y,10,6,"Cities from 2,500 thru 9,999",6,"Cities from 2,500 thru 9,999",N,10,,N,,,,,,,,,2013-01-01,2023-01-01,2024-01-01,2024-01-01,2024-01-01,2024-01-01,N,TIPTON,"Indianapolis-Carmel-Greenwood, IN",Y,Y,Y
59382024,5938,2024,IN0820000,IN0820000,,N,N,,I,VANDERBURGH,VANDERBURGH CO SO EVANSVILLE,Vanderburgh,,A,19,Indiana,IN,IN,3,East North Central,2,Midwest,Region II,County,65935,27128,INUCR0001,Indiana State Police,Y,20,9B,"MSA counties from 25,000 thru 99,999",9,MSA Counties,N,20,,Y,110,83,193,7,37,44,1.8,3.6,2013-01-01,2020-06-01,2020-06-01,2020-12-01,2020-12-01,2020-12-01,N,VANDERBURGH,"Evansville, IN",Y,Y,Y
59392024,5939,2024,IN0820100,IN0820100,,N,N,,I,EVANSVILLE,EVANSVILLE PD,Evansville,,A,19,Indiana,IN,IN,3,East North Central,2,Midwest,Region II,City,114660,27128,INUCR0001,Indiana State Police,N,6,2,"Cities from 100,000 thru 249,999",2,"Cities from 100,000 thru 249,999",Y,6,,Y,238,8,246,23,20,43,2.3,2.5,2013-01-01,2020-06-01,2020-06-01,2020-11-01,2020-11-01,2020-11-01,N,VANDERBURGH,"Evansville, IN",Y,Y,Y
59422024,5942,2024,IN0840000,IN0840000,,N,N,,I,VIGO,VIGO CO SO TERRE HAUTE,Vigo,,A,19,Indiana,IN,IN,3,East North Central,2,Midwest,Region II,County,46043,27128,INUCR0001,Indiana State Police,Y,20,9B,"MSA counties from 25,000 thru 99,999",9,MSA Counties,N,20,,Y,53,68,121,4,28,32,1.2,3.3,2013-01-01,2017-08-01,2017-08-01,2017-07-01,2020-06-01,2017-07-01,N,VIGO,"Terre Haute, IN",Y,Y,Y
59432024,5943,2024,IN0840100,IN0840100,,N,N,,I,TERRE HAUTE,TERRE HAUTE PD,Terre Haute,,A,19,Indiana,IN,IN,3,East North Central,2,Midwest,Region II,City,58536,27128,INUCR0001,Indiana State Police,N,7,3,"Cities from 50,000 thru 99,999",3,"Cities from 50,000 thru 99,999",N,7,,Y,129,1,130,3,9,12,2.3,2.4,2013-01-01,2017-12-01,2017-12-01,2018-06-01,2021-12-01,2018-06-01,N,VIGO,"Terre Haute, IN",Y,Y,Y
59452024,5945,2024,IN0840300,IN0840300,,N,N,,I,INDIANA STATE UNIVERSITY,INDIANA ST UNIV PD TERRE HAUTE,Indiana State University,,A,19,Indiana,IN,IN,3,East North Central,2,Midwest,Region II,University or College,0,27128,INUCR0001,Indiana State Police,Y,11,7,"Cities under 2,500",7,"Cities under 2,500",N,11,,Y,21,3,24,1,9,10,0,0,2013-01-01,2021-01-01,2021-01-01,2021-02-01,2021-02-01,2021-02-01,N,VIGO,"Terre Haute, IN",Y,Y,Y
59492024,5949,2024,IN0860000,IN0860000,,N,N,,I,WARREN,WARREN CO SO WILLIAMSPORT,Warren,,A,19,Indiana,IN,IN,3,East North Central,2,Midwest,Region II,County,8596,27128,INUCR0001,Indiana State Police,Y,22,9D,"MSA counties under 10,000",9,MSA Counties,N,22,,Y,9,8,17,0,5,5,1.0,2.6,2013-01-01,2024-05-01,2024-05-01,2024-05-01,2024-05-01,2024-05-01,N,WARREN,"Lafayette-West Lafayette, IN",Y,Y,Y
59502024,5950,2024,IN0870000,IN0870000,,N,N,,I,WARRICK,WARRICK CO SO BOONVILLE,Warrick,,A,19,Indiana,IN,IN,3,East North Central,2,Midwest,Region II,County,60177,27128,INUCR0001,Indiana State Police,Y,20,9B,"MSA counties from 25,000 thru 99,999",9,MSA Counties,N,20,,Y,57,23,80,2,25,27,1.0,1.8,2013-01-01,2021-06-01,2022-06-01,2022-06-01,2022-06-01,2022-06-01,N,WARRICK,"Evansville, IN",Y,Y,Y
59512024,5951,2024,IN0870100,IN0870100,,N,N,,I,BOONVILLE,BOONVILLE PD,Boonville,,A,19,Indiana,IN,IN,3,East North Central,2,Midwest,Region II,City,6681,27128,INUCR0001,Indiana State Police,Y,10,6,"Cities from 2,500 thru 9,999",6,"Cities from 2,500 thru 9,999",N,10,,Y,18,0,18,1,1,2,2.8,3.0,2013-01-01,2021-07-01,2022-06-01,2022-06-01,2023-06-01,2022-06-01,N,WARRICK,"Evansville, IN",Y,Y,Y
59522024,5952,2024,IN0880000,IN0880000,,N,N,,I,WASHINGTON,WASHINGTON CO SO SALEM,Washington,,A,19,Indiana,IN,IN,3,East North Central,2,Midwest,Region II,County,21944,27128,INUCR0001,Indiana State Police,Y,21,9C,"MSA counties from 10,000 thru 24,999",9,MSA Counties,N,21,,N,,,,,,,,,2013-01-01,2020-07-01,2020-07-01,2020-12-01,2020-12-01,2020-12-01,N,WASHINGTON,"Louisville/Jefferson County, KY-IN",Y,Y,Y
59552024,5955,2024,IN0890100,IN0890100,,N,N,,I,RICHMOND,RICHMOND PD,Richmond,,A,19,Indiana,IN,IN,3,East North Central,2,Midwest,Region II,City,35335,27128,INUCR0001,Indiana State Police,N,8,4,"Cities from 25,000 thru 49,999",4,"Cities from 25,000 thru 49,999",N,8,,Y,71,3,74,6,8,14,2.2,2.5,2013-01-01,2024-04-01,2024-04-01,2024-04-01,2024-04-01,2024-04-01,N,WAYNE,Not Specified,Y,Y,Y
59572024,5957,2024,IN0890400,IN0890400,,N,N,,I,HAGERSTOWN,HAGERSTOWN PD,Hagerstown,,A,19,Indiana,IN,IN,3,East North Central,2,Midwest,Region II,City,1665,27128,INUCR0001,Indiana State Police,N,11,7,"Cities under 2,500",7,"Cities under 2,500",N,11,,Y,6,0,6,1,0,1,4.2,4.2,2013-01-01,2023-01-01,2023-01-01,2023-01-01,2024-05-01,2024-05-01,N,WAYNE,Not Specified,Y,Y,Y
59582024,5958,2024,IN0900000,IN0900000,,N,N,,I,WELLS,WELLS CO SO BLUFFTON,Wells,,A,19,Indiana,IN,IN,3,East North Central,2,Midwest,Region II,County,17818,27128,INUCR0001,Indiana State Police,Y,21,9C,"MSA counties from 10,000 thru 24,999",9,MSA Counties,N,21,,Y,17,14,31,0,9,9,1.0,2.2,2013-01-01,2019-06-01,2019-06-01,2019-11-01,2019-11-01,2019-11-01,N,WELLS,"Fort Wayne, IN",Y,Y,Y
59592024,5959,2024,IN0900100,IN0900100,,N,N,,I,BLUFFTON,BLUFFTON PD,Bluffton,,A,19,Indiana,IN,IN,3,East North Central,2,Midwest,Region II,City,10519,27128,INUCR0001,Indiana State Police,Y,9,5,"Cities from 10,000 thru 24,999",5,"Cities from 10,000 thru 24,999",N,9,,Y,18,0,18,2,2,4,1.9,2.1,2013-01-01,2018-12-01,2018-12-01,2019-02-01,2019-02-01,2019-02-01,N,WELLS,"Fort Wayne, IN",Y,Y,Y
59632024,5963,2024,IN0920100,IN0920100,,N,N,,I,COLUMBIA CITY,COLUMBIA CITY PD,Columbia City,,A,19,Indiana,IN,IN,3,East North Central,2,Midwest,Region II,City,10186,27128,INUCR0001,Indiana State Police,Y,9,5,"Cities from 10,000 thru 24,999",5,"Cities from 10,000 thru 24,999",N,9,,Y,20,0,20,0,1,1,2.0,2.1,2013-01-01,2017-03-01,2017-03-01,2017-08-01,2017-08-01,2017-08-01,N,WHITLEY,"Fort Wayne, IN",Y,Y,Y
60582024,6058,2024,INIPD0000,INIPD0000,,N,N,,I,INDIANAPOLIS,INDIANAPOLIS PD,Indianapolis,,A,19,Indiana,IN,IN,3,East North Central,2,Midwest,Region II,City,890685,27128,INUCR0001,Indiana State Police,N,4,1B,"Cities from 500,000 thru 999,999",1,"All cities 250,000 or over",Y,4,,Y,1592,344,1936,253,439,692,2.1,3.0,2013-01-01,2019-01-01,2019-01-01,2020-03-01,2020-03-01,2020-03-01,N,MARION,"Indianapolis-Carmel-Greenwood, IN",Y,Y,Y
60592024,6059,2024,INISP0000,INISP0000,,N,N,,I,INDIANA STATE POLICE,SP HDQ INDIANAPOLIS,Indiana State Police,,A,19,Indiana,IN,IN,3,East North Central,2,Midwest,Region II,State Police,0,27128,INUCR0001,Indiana State Police,N,16,8D,"Non-MSA counties under 10,000",8,Non-MSA Counties,N,16,,Y,1056,161,1217,55,297,352,0,0,2013-01-01,2013-01-01,2013-01-01,2020-03-01,2020-03-01,2020-03-01,N,NOT SPECIFIED,Not Specified,Y,Y,Y
226282024,22628,2024,INISP2200,INISP2200,,N,N,,I,"STATE POLICE, FORT WAYNE","STATE POLICE, FORT WAYNE","State Police, Fort Wayne",,L,19,Indiana,IN,IN,3,East North Central,2,Midwest,Region II,State Police,0,27128,INUCR0001,Indiana State Police,Y,23,9E,MSA State Police,9,MSA Counties,N,23,,N,,,,,,,0,0,2013-01-01,2019-01-01,2019-01-01,2019-02-01,2020-03-01,2019-02-01,N,ALLEN,"Fort Wayne, IN",N,Y,Y
231472024,23147,2024,IN0790500,IN0790500,,N,N,,I,DAYTON,DAYTON,Dayton,,A,19,Indiana,IN,IN,3,East North Central,2,Midwest,Region II,City,1367,27128,INUCR0001,Indiana State Police,Y,11,7,"Cities under 2,500",7,"Cities under 2,500",N,11,,N,,,,,,,,,2013-01-01,2021-02-01,2022-03-01,2022-03-01,2022-03-01,2022-03-01,N,TIPPECANOE,"Lafayette-West Lafayette, IN",Y,Y,Y
256702024,25670,2024,IN0280100,IN0280100,,N,N,,I,BLOOMFIELD,,Bloomfield,,A,19,Indiana,IN,IN,3,East North Central,2,Midwest,Region II,City,2306,27128,INUCR0001,Indiana State Police,N,11,7,"Cities under 2,500",7,"Cities under 2,500",N,11,,N,,,,,,,,,2013-01-01,2021-01-01,2021-01-01,2021-01-01,2021-01-01,2021-01-01,N,GREENE,Not Specified,Y,Y,Y
282742024,28274,2024,IN0300300,IN0300300,,N,N,,I,NEW PALESTINE,,New Palestine,,A,19,Indiana,IN,IN,3,East North Central,2,Midwest,Region II,City,3840,27128,INUCR0001,Indiana State Police,Y,10,6,"Cities from 2,500 thru 9,999",6,"Cities from 2,500 thru 9,999",N,10,,N,,,,,,,,,2013-01-01,2019-02-01,2019-02-01,2019-07-01,2020-10-01,2019-07-01,N,HANCOCK,"Indianapolis-Carmel-Greenwood, IN",Y,Y,Y
284172024,28417,2024,IN0340500,IN0340500,,N,N,,I,INDIANA UNIVERSITY: KOKOMO,,Indiana University:,Kokomo,A,19,Indiana,IN,IN,3,East North Central,2,Midwest,Region II,University or College,0,27128,INUCR0001,Indiana State Police,Y,11,7,"Cities under 2,500",7,"Cities under 2,500",N,11,,N,,,,,,,0,0,2013-01-01,2021-01-01,2021-11-01,2021-11-01,2021-11-01,2021-11-01,N,HOWARD,"Kokomo, IN",Y,Y,Y
285352024,28535,2024,IN0461100,IN0461100,,N,N,,I,KINGSBURY,,Kingsbury,,A,19,Indiana,IN,IN,3,East North Central,2,Midwest,Region II,City,187,27128,INUCR0001,Indiana State Police,Y,11,7,"Cities under 2,500",7,"Cities under 2,500",N,11,,N,,,,,,,,,2013-01-01,2019-01-01,2019-01-01,2020-10-01,,2020-10-01,N,LA PORTE,"Michigan City-La Porte, IN",Y,Y,Y
285952024,28595,2024,IN0891100,IN0891100,,N,N,,I,INDIANA UNIV: EAST,,Indiana University:,East,A,19,Indiana,IN,IN,3,East North Central,2,Midwest,Region II,University or College,0,27128,INUCR0001,Indiana State Police,N,11,7,"Cities under 2,500",7,"Cities under 2,500",N,11,,N,,,,,,,0,0,2013-01-01,2021-08-01,2022-11-01,2022-11-01,2022-11-01,2022-11-01,N,WAYNE,Not Specified,Y,Y,Y
288542024,28854,2024,IN0350300,IN0350300,,N,N,,I,MARKLE,,Markle,,A,19,Indiana,IN,IN,3,East North Central,2,Midwest,Region II,City,1082,27128,INUCR0001,Indiana State Police,N,11,7,"Cities under 2,500",7,"Cities under 2,500",N,11,,Y,3,0,3,0,0,0,2.8,2.8,2013-01-01,2019-02-01,2019-02-01,2019-09-01,2019-09-01,2019-09-01,N,"HUNTINGTON, WELLS",Not Specified,Y,Y,Y
291972024,29197,2024,IN0640700,IN0640700,,N,N,,I,OGDEN DUNES,,Ogden Dunes,,A,19,Indiana,IN,IN,3,East North Central,2,Midwest,Region II,City,1170,27128,INUCR0001,Indiana State Police,Y,11,7,"Cities under 2,500",7,"Cities under 2,500",N,11,,N,,,,,,,,,2013-01-01,2019-09-01,2019-09-01,2019-11-01,2019-11-01,2019-11-01,N,PORTER,"Chicago-Naperville-Elgin, IL-IN",Y,Y,Y
292142024,29214,2024,IN0280600,IN0280600,,N,N,,I,LINTON-STOCKTON SCH CORP,,Linton-Stockton School Corporation,,A,19,Indiana,IN,IN,3,East North Central,2,Midwest,Region II,Other,0,27128,INUCR0001,Indiana State Police,N,11,7,"Cities under 2,500",7,"Cities under 2,500",N,11,,Y,2,0,2,0,0,0,0,0,2013-01-01,2019-01-01,2019-01-01,2020-03-01,2020-03-01,2020-03-01,N,GREENE,Not Specified,Y,Y,Y
292152024,29215,2024,IN0300500,IN0300500,,N,N,,I,SHIRLEY,,Shirley,,A,19,Indiana,IN,IN,3,East North Central,2,Midwest,Region II,City,822,27128,INUCR0001,Indiana State Police,Y,11,7,"Cities under 2,500",7,"Cities under 2,500",N,11,,Y,1,0,1,0,0,0,1.2,1.2,2013-01-01,2019-02-01,2019-02-01,2019-09-01,2021-04-01,2019-09-01,N,"HANCOCK, HENRY","Indianapolis-Carmel-Greenwood, IN",Y,Y,Y
292162024,29216,2024,IN0430600,IN0430600,,N,N,,I,NORTH WEBSTER,,North Webster,,A,19,Indiana,IN,IN,3,East North Central,2,Midwest,Region II,City,993,27128,INUCR0001,Indiana State Police,N,11,7,"Cities under 2,500",7,"Cities under 2,500",N,11,,Y,5,0,5,0,0,0,5.0,5.0,2013-01-01,2019-08-01,2019-08-01,2019-09-01,2019-09-01,2019-09-01,N,KOSCIUSKO,Not Specified,Y,Y,Y
292172024,29217,2024,IN0430800,IN0430800,,N,N,,I,SILVER LAKE,,Silver Lake,,A,19,Indiana,IN,IN,3,East North Central,2,Midwest,Region II,City,867,27128,INUCR0001,Indiana State Police,N,11,7,"Cities under 2,500",7,"Cities under 2,500",N,11,,Y,2,0,2,0,0,0,2.3,2.3,2013-01-01,2019-07-01,2019-07-01,2019-09-01,2019-09-01,2019-09-01,N,KOSCIUSKO,Not Specified,Y,Y,Y
292342024,29234,2024,IN0710900,IN0710900,,N,N,,I,OSCEOLA,,Osceola,,A,19,Indiana,IN,IN,3,East North Central,2,Midwest,Region II,City,2595,27128,INUCR0001,Indiana State Police,Y,10,6,"Cities from 2,500 thru 9,999",6,"Cities from 2,500 thru 9,999",N,10,,N,,,,,,,,,2013-01-01,2019-03-01,2019-03-01,2019-09-01,2019-09-01,2019-09-01,N,ST JOSEPH,"South Bend-Mishawaka, IN-MI",Y,Y,Y
296952024,29695,2024,IN0740600,IN0740600,,N,N,,I,CHRISNEY,,Chrisney,,A,19,Indiana,IN,IN,3,East North Central,2,Midwest,Region II,City,469,27128,INUCR0001,Indiana State Police,N,11,7,"Cities under 2,500",7,"Cities under 2,500",N,11,,N,0,0,0,0,0,0,0.0,0.0,2013-01-01,2018-10-01,2018-10-01,,,,N,SPENCER,Not Specified,Y,Y,Y
297152024,29715,2024,IN0430300,IN0430300,,N,N,,I,SYRACUSE,,Syracuse,,A,19,Indiana,IN,IN,3,East North Central,2,Midwest,Region II,City,3211,27128,INUCR0001,Indiana State Police,N,10,6,"Cities from 2,500 thru 9,999",6,"Cities from 2,500 thru 9,999",N,10,,Y,8,0,8,1,1,2,2.8,3.1,2013-01-01,2019-08-01,2019-08-01,2020-03-01,2020-03-01,2020-03-01,N,KOSCIUSKO,Not Specified,Y,Y,Y
297162024,29716,2024,IN0440600,IN0440600,,N,N,,I,PRAIRIE HEIGHTS COMMUNITY SCHOOLS CORP,,Prairie Heights Community Schools Corporation,,A,19,Indiana,IN,IN,3,East North Central,2,Midwest,Region II,Other,0,27128,INUCR0001,Indiana State Police,N,11,7,"Cities under 2,500",7,"Cities under 2,500",N,11,,N,,,,,,,0,0,2013-01-01,2019-08-01,2019-08-01,2019-11-01,2019-11-01,2019-11-01,N,LAGRANGE,Not Specified,Y,Y,Y
304352024,30435,2024,IN0494700,IN0494700,,N,N,,I,INDIANA GAMING COMMISSION,,Indiana Gaming Commission,,A,19,Indiana,IN,IN,3,East North Central,2,Midwest,Region II,Other State Agency,0,27128,INUCR0001,Indiana State Police,N,11,7,"Cities under 2,500",7,"Cities under 2,500",N,11,,N,,,,,,,0,0,2013-01-01,2020-01-01,2020-01-01,2020-05-01,2020-05-01,2020-05-01,N,NOT SPECIFIED,Not Specified,Y,Y,Y
304362024,30436,2024,IN0710500,IN0710500,,N,N,,I,NEW CARLISLE,,New Carlisle,,A,19,Indiana,IN,IN,3,East North Central,2,Midwest,Region II,City,1916,27128,INUCR0001,Indiana State Police,Y,11,7,"Cities under 2,500",7,"Cities under 2,500",N,11,,N,,,,,,,,,2013-01-01,2020-02-01,2022-04-01,2022-04-01,2022-04-01,2022-04-01,N,ST JOSEPH,"South Bend-Mishawaka, IN-MI",Y,Y,Y
304542024,30454,2024,IN0170200,IN0170200,,N,N,,I,BUTLER,,Butler,,A,19,Indiana,IN,IN,3,East North Central,2,Midwest,Region II,City,2694,27128,INUCR0001,Indiana State Police,N,10,6,"Cities from 2,500 thru 9,999",6,"Cities from 2,500 thru 9,999",N,10,,Y,6,0,6,1,1,2,2.6,3.0,2013-01-01,2020-01-01,2020-01-01,2020-03-01,2020-03-01,2020-03-01,N,DEKALB,Not Specified,Y,Y,Y
305362024,30536,2024,IN0495300,IN0495300,,N,N,,I,INDIANAPOLIS PUBLIC SCHOOLS,,Indianapolis Public Schools,,A,19,Indiana,IN,IN,3,East North Central,2,Midwest,Region II,Other,0,27128,INUCR0001,Indiana State Police,Y,11,7,"Cities under 2,500",7,"Cities under 2,500",N,11,,N,,,,,,,0,0,2013-01-01,2019-07-01,2019-07-01,2020-03-01,2020-03-01,2020-03-01,N,MARION,"Indianapolis-Carmel-Greenwood, IN",Y,Y,Y
305742024,30574,2024,IN049399E,IN049399E,,N,N,,I,UNIVERSITY OF INDIANAPOLIS,,University of Indianapolis,,A,19,Indiana,IN,IN,3,East North Central,2,Midwest,Region II,University or College,0,27128,INUCR0001,Indiana State Police,Y,11,7,"Cities under 2,500",7,"Cities under 2,500",N,11,,N,,,,,,,0,0,2013-01-01,2019-07-01,2019-07-01,2020-03-01,2020-03-01,2020-03-01,N,MARION,"Indianapolis-Carmel-Greenwood, IN",Y,Y,Y
306742024,30674,2024,IN0320800,IN0320800,,N,N,,I,PITTSBORO,,Pittsboro,,A,19,Indiana,IN,IN,3,East North Central,2,Midwest,Region II,City,4405,27128,INUCR0001,Indiana State Police,Y,10,6,"Cities from 2,500 thru 9,999",6,"Cities from 2,500 thru 9,999",N,10,,Y,8,1,9,1,0,1,2.0,2.3,2013-01-01,2020-01-01,2020-01-01,2020-05-01,2020-05-01,2020-05-01,N,HENDRICKS,"Indianapolis-Carmel-Greenwood, IN",Y,Y,Y
306752024,30675,2024,IN0321200,IN0321200,,N,N,,I,BROWNSBURG COMMUNITY SCHOOL,,Brownsburg Community School,,A,19,Indiana,IN,IN,3,East North Central,2,Midwest,Region II,Other,0,27128,INUCR0001,Indiana State Police,Y,11,7,"Cities under 2,500",7,"Cities under 2,500",N,11,,N,,,,,,,0,0,2013-01-01,2020-01-01,2020-01-01,2020-05-01,2020-05-01,2020-05-01,N,HENDRICKS,"Indianapolis-Carmel-Greenwood, IN",Y,Y,Y
306772024,30677,2024,IN0320500,IN0320500,,N,N,,I,AMO,,Amo,,A,19,Indiana,IN,IN,3,East North Central,2,Midwest,Region II,City,418,27128,INUCR0001,Indiana State Police,Y,11,7,"Cities under 2,500",7,"Cities under 2,500",N,11,,N,0,0,0,0,0,0,0.0,0.0,2013-01-01,2019-08-01,2019-08-01,2020-03-01,2020-03-01,2020-03-01,N,HENDRICKS,"Indianapolis-Carmel-Greenwood, IN",Y,Y,Y
306782024,30678,2024,IN0320700,IN0320700,,N,N,,I,CLAYTON,,Clayton,,A,19,Indiana,IN,IN,3,East North Central,2,Midwest,Region II,City,931,27128,INUCR0001,Indiana State Police,Y,11,7,"Cities under 2,500",7,"Cities under 2,500",N,11,,N,,,,,,,,,2013-01-01,2020-03-01,2020-03-01,2020-05-01,2020-05-01,2020-05-01,N,HENDRICKS,"Indianapolis-Carmel-Greenwood, IN",Y,Y,Y
306942024,30694,2024,IN0320900,IN0320900,,N,N,,I,LIZTON,,Lizton,,A,19,Indiana,IN,IN,3,East North Central,2,Midwest,Region II,City,513,27128,INUCR0001,Indiana State Police,Y,11,7,"Cities under 2,500",7,"Cities under 2,500",N,11,,N,,,,,,,,,2013-01-01,2019-06-01,2019-06-01,2020-05-01,2020-05-01,2020-05-01,N,HENDRICKS,"Indianapolis-Carmel-Greenwood, IN",Y,Y,Y
306952024,30695,2024,IN0321000,IN0321000,,N,N,,I,NORTH SALEM,,North Salem,,A,19,Indiana,IN,IN,3,East North Central,2,Midwest,Region II,City,475,27128,INUCR0001,Indiana State Police,Y,11,7,"Cities under 2,500",7,"Cities under 2,500",N,11,,N,,,,,,,,,2013-01-01,2020-01-01,2020-01-01,2020-01-01,2020-01-01,2020-01-01,N,HENDRICKS,"Indianapolis-Carmel-Greenwood, IN",Y,Y,Y
314552024,31455,2024,IN0370300,IN0370300,,N,N,,I,REMINGTON,,Remington,,A,19,Indiana,IN,IN,3,East North Central,2,Midwest,Region II,City,1362,27128,INUCR0001,Indiana State Police,Y,11,7,"Cities under 2,500",7,"Cities under 2,500",N,11,,Y,3,0,3,0,0,0,2.2,2.2,2013-01-01,2020-01-01,2020-01-01,2020-08-01,2020-08-01,2020-08-01,N,JASPER,"Chicago-Naperville-Elgin, IL-IN",Y,Y,Y
314572024,31457,2024,IN0410700,IN0410700,,N,N,,I,TRAFALGAR,,Trafalgar,,A,19,Indiana,IN,IN,3,East North Central,2,Midwest,Region II,City,1608,27128,INUCR0001,Indiana State Police,Y,11,7,"Cities under 2,500",7,"Cities under 2,500",N,11,,N,,,,,,,,,2013-01-01,2020-07-01,2020-07-01,2020-08-01,2020-08-01,2020-08-01,N,JOHNSON,"Indianapolis-Carmel-Greenwood, IN",Y,Y,Y
316202024,31620,2024,IN045249E,IN045249E,,N,N,,I,INDIANA HARBOR BELT RAILROAD,,Indiana Harbor Belt Railroad,,A,19,Indiana,IN,IN,3,East North Central,2,Midwest,Region II,Other,0,27128,INUCR0001,Indiana State Police,Y,11,7,"Cities under 2,500",7,"Cities under 2,500",N,11,,N,,,,,,,0,0,2013-01-01,2019-03-01,2019-03-01,,,,N,LAKE,"Chicago-Naperville-Elgin, IL-IN",Y,Y,Y
316222024,31622,2024,IN0290600,IN0290600,,N,N,,I,CICERO,,Cicero,,A,19,Indiana,IN,IN,3,East North Central,2,Midwest,Region II,City,5737,27128,INUCR0001,Indiana State Police,Y,10,6,"Cities from 2,500 thru 9,999",6,"Cities from 2,500 thru 9,999",N,10,,Y,7,0,7,3,1,4,1.7,1.9,2013-01-01,2020-05-01,2020-05-01,2020-09-01,2020-09-01,2020-09-01,N,HAMILTON,"Indianapolis-Carmel-Greenwood, IN",Y,Y,Y
316232024,31623,2024,IN0300700,IN0300700,,N,N,,I,MCCORDSVILLE,,McCordsville,,A,19,Indiana,IN,IN,3,East North Central,2,Midwest,Region II,City,12208,27128,INUCR0001,Indiana State Police,Y,9,5,"Cities from 10,000 thru 24,999",5,"Cities from 10,000 thru 24,999",N,9,,N,,,,,,,,,2013-01-01,2020-01-01,2020-01-01,2020-09-01,2020-10-01,2020-09-01,N,HANCOCK,"Indianapolis-Carmel-Greenwood, IN",Y,Y,Y
317742024,31774,2024,IN0290500,IN0290500,,N,N,,I,ARCADIA,,Arcadia,,A,19,Indiana,IN,IN,3,East North Central,2,Midwest,Region II,City,1461,27128,INUCR0001,Indiana State Police,Y,11,7,"Cities under 2,500",7,"Cities under 2,500",N,11,,N,,,,,,,,,2013-01-01,2020-04-01,2020-04-01,2020-10-01,2020-10-01,2020-10-01,N,HAMILTON,"Indianapolis-Carmel-Greenwood, IN",Y,Y,Y
317752024,31775,2024,IN0290300,IN0290300,,N,N,,I,SHERIDAN,,Sheridan,,A,19,Indiana,IN,IN,3,East North Central,2,Midwest,Region II,City,3449,27128,INUCR0001,Indiana State Police,Y,10,6,"Cities from 2,500 thru 9,999",6,"Cities from 2,500 thru 9,999",N,10,,N,,,,,,,,,2013-01-01,2020-05-01,2020-05-01,2020-10-01,2020-10-01,2020-10-01,N,HAMILTON,"Indianapolis-Carmel-Greenwood, IN",Y,Y,Y
322552024,32255,2024,IN0410600,IN0410600,,N,N,,I,WHITELAND,,Whiteland,,A,19,Indiana,IN,IN,3,East North Central,2,Midwest,Region II,City,5699,27128,INUCR0001,Indiana State Police,Y,10,6,"Cities from 2,500 thru 9,999",6,"Cities from 2,500 thru 9,999",N,10,,Y,12,0,12,1,1,2,2.3,2.5,2013-01-01,2020-08-01,2020-08-01,2020-12-01,2020-12-01,2020-12-01,N,JOHNSON,"Indianapolis-Carmel-Greenwood, IN",Y,Y,Y
325002024,32500,2024,IN0760300,IN0760300,,N,N,,I,FREMONT,,Fremont,,A,19,Indiana,IN,IN,3,East North Central,2,Midwest,Region II,City,2074,27128,INUCR0001,Indiana State Police,N,11,7,"Cities under 2,500",7,"Cities under 2,500",N,11,,Y,5,0,5,0,0,0,2.4,2.4,2013-01-01,2019-08-01,2019-08-01,2021-01-01,2021-01-01,2021-01-01,N,STEUBEN,Not Specified,Y,Y,Y
333042024,33304,2024,IN0494800,IN0494800,,N,N,,I,INDIANA OFFICE OF INSPECTOR GENERAL,,Indiana Office of Inspector General,,A,19,Indiana,IN,IN,3,East North Central,2,Midwest,Region II,Other State Agency,0,27128,INUCR0001,Indiana State Police,Y,11,7,"Cities under 2,500",7,"Cities under 2,500",N,11,,N,,,,,,,0,0,2013-01-01,2020-01-01,2020-01-01,,,,N,MARION,"Indianapolis-Carmel-Greenwood, IN",Y,Y,Y
334642024,33464,2024,IN0760600,IN0760600,,N,N,,I,CLEAR LAKE,,Clear Lake,,A,19,Indiana,IN,IN,3,East North Central,2,Midwest,Region II,City,358,27128,INUCR0001,Indiana State Police,N,11,7,"Cities under 2,500",7,"Cities under 2,500",N,11,,N,0,0,0,0,0,0,0.0,0.0,2013-01-01,2021-01-01,2021-01-01,2021-09-01,2021-09-01,2021-09-01,N,STEUBEN,Not Specified,Y,Y,Y
334662024,33466,2024,IN0020300,IN0020300,,N,N,,I,PURDUE UNIVERSITY: FORT WAYNE,,Purdue University:,Fort Wayne,A,19,Indiana,IN,IN,3,East North Central,2,Midwest,Region II,University or College,0,27128,INUCR0001,Indiana State Police,Y,11,7,"Cities under 2,500",7,"Cities under 2,500",N,11,,N,,,,,,,0,0,2013-01-01,2021-01-01,2021-01-01,2021-09-01,2021-09-01,2021-09-01,N,ALLEN,"Fort Wayne, IN",Y,Y,Y
334682024,33468,2024,IN0100600,IN0100600,,N,N,,I,UTICA,,Utica,,A,19,Indiana,IN,IN,3,East North Central,2,Midwest,Region II,City,1393,27128,INUCR0001,Indiana State Police,Y,11,7,"Cities under 2,500",7,"Cities under 2,500",N,11,,Y,2,0,2,0,0,0,1.4,1.4,2013-01-01,2020-10-01,2020-10-01,2021-09-01,2021-09-01,2021-09-01,N,CLARK,"Louisville/Jefferson County, KY-IN",Y,Y,Y
334722024,33472,2024,IN0200400,IN0200400,,N,N,,I,BRISTOL,,Bristol,,A,19,Indiana,IN,IN,3,East North Central,2,Midwest,Region II,City,1785,27128,INUCR0001,Indiana State Police,Y,11,7,"Cities under 2,500",7,"Cities under 2,500",N,11,,N,,,,,,,,,2013-01-01,2021-01-01,2021-01-01,2021-09-01,2021-09-01,2021-09-01,N,ELKHART,"Elkhart-Goshen, IN",Y,Y,Y
334742024,33474,2024,IN0480500,IN0480500,,N,N,,I,PENDLETON,,Pendleton,,A,19,Indiana,IN,IN,3,East North Central,2,Midwest,Region II,City,5933,27128,INUCR0001,Indiana State Police,Y,10,6,"Cities from 2,500 thru 9,999",6,"Cities from 2,500 thru 9,999",N,10,,Y,13,0,13,0,1,1,2.2,2.4,2013-01-01,2021-01-01,2021-01-01,2021-09-01,2021-09-01,2021-09-01,N,MADISON,"Indianapolis-Carmel-Greenwood, IN",Y,Y,Y
336402024,33640,2024,IN0030700,IN0030700,,N,N,,I,INDIANA UNIVERSITY: COLUMBUS,,Indiana University:,Columbus,A,19,Indiana,IN,IN,3,East North Central,2,Midwest,Region II,University or College,0,27128,INUCR0001,Indiana State Police,Y,11,7,"Cities under 2,500",7,"Cities under 2,500",N,11,,N,,,,,,,0,0,2013-01-01,2021-02-01,2021-11-01,2021-11-01,2021-11-01,2021-11-01,N,BARTHOLOMEW,"Columbus, IN",Y,Y,Y
336422024,33642,2024,IN0820600,IN0820600,,N,N,,I,INDIANA UNIVERSITY: EVANSVILLE,,Indiana University:,Evansville,A,19,Indiana,IN,IN,3,East North Central,2,Midwest,Region II,University or College,0,27128,INUCR0001,Indiana State Police,Y,11,7,"Cities under 2,500",7,"Cities under 2,500",N,11,,N,,,,,,,0,0,2013-01-01,2021-01-01,2021-11-01,2021-11-01,2021-11-01,2021-11-01,N,VANDERBURGH,"Evansville, IN",Y,Y,Y
341672024,34167,2024,IN0180400,IN0180400,,N,N,,I,YORKTOWN,,Yorktown,,A,19,Indiana,IN,IN,3,East North Central,2,Midwest,Region II,City,11810,27128,INUCR0001,Indiana State Police,Y,9,5,"Cities from 10,000 thru 24,999",5,"Cities from 10,000 thru 24,999",N,9,,N,,,,,,,,,2013-01-01,2021-01-01,2021-01-01,2021-01-01,2021-01-01,2021-01-01,N,DELAWARE,"Muncie, IN",Y,Y,Y
347312024,34731,2024,IN002129E,IN002129E,,N,N,,I,PARKVIEW HEALTH,,Parkview Health,,A,19,Indiana,IN,IN,3,East North Central,2,Midwest,Region II,Other,0,27128,INUCR0001,Indiana State Police,Y,11,7,"Cities under 2,500",7,"Cities under 2,500",N,11,,Y,74,21,95,7,8,15,0,0,2013-01-01,2022-04-01,2023-02-01,2023-02-01,2023-02-01,2023-02-01,N,ALLEN,"Fort Wayne, IN",Y,Y,Y
357542024,35754,2024,IN0021000,IN0021000,,N,N,,I,WOODBURN,,Woodburn,,A,19,Indiana,IN,IN,3,East North Central,2,Midwest,Region II,City,1604,27128,INUCR0001,Indiana State Police,Y,11,7,"Cities under 2,500",7,"Cities under 2,500",N,11,,N,,,,,,,,,2013-01-01,2020-10-01,2020-10-01,2020-10-01,2023-06-01,2023-06-01,N,ALLEN,"Fort Wayne, IN",Y,Y,Y
363812024,36381,2024,IN0440100,IN0440100,,N,N,,I,LAGRANGE,,LaGrange,,A,19,Indiana,IN,IN,3,East North Central,2,Midwest,Region II,City,2742,27128,INUCR0001,Indiana State Police,N,10,6,"Cities from 2,500 thru 9,999",6,"Cities from 2,500 thru 9,999",N,10,,Y,7,0,7,0,0,0,2.6,2.6,2013-01-01,2022-01-01,2023-06-01,2023-06-01,2023-06-01,2023-06-01,N,LAGRANGE,Not Specified,Y,Y,Y
363832024,36383,2024,IN0440300,IN0440300,,N,N,,I,SHIPSHEWANA,,Shipshewana,,A,19,Indiana,IN,IN,3,East North Central,2,Midwest,Region II,City,857,27128,INUCR0001,Indiana State Police,N,11,7,"Cities under 2,500",7,"Cities under 2,500",N,11,,N,,,,,,,,,2013-01-01,2022-01-01,2023-06-01,2023-06-01,2023-06-01,2023-06-01,N,LAGRANGE,Not Specified,Y,Y,Y
365142024,36514,2024,IN0430500,IN0430500,,N,N,,I,MILFORD,,Milford,,A,19,Indiana,IN,IN,3,East North Central,2,Midwest,Region II,City,1604,27128,INUCR0001,Indiana State Police,N,11,7,"Cities under 2,500",7,"Cities under 2,500",N,11,,N,,,,,,,,,2013-01-01,2018-11-01,2018-11-01,2018-11-01,2018-11-01,2018-11-01,N,KOSCIUSKO,Not Specified,Y,Y,Y
385012024,38501,2024,IN0411000,IN0411000,,N,N,,I,CLARK-PLEASANT COMMUNITY SCHOOLS CORPORATION,,Clark-Pleasant Community Schools Corporation,,A,19,Indiana,IN,IN,3,East North Central,2,Midwest,Region II,Other,0,27128,INUCR0001,Indiana State Police,Y,11,7,"Cities under 2,500",7,"Cities under 2,500",N,11,,Y,4,0,4,3,2,5,0,0,2013-01-01,2022-01-01,2023-12-01,2023-12-01,2023-12-01,2023-12-01,N,JOHNSON,"Indianapolis-Carmel-Greenwood, IN",Y,Y,Y
391632024,39163,2024,IN0440200,IN0440200,,N,N,,I,TOPEKA,,Topeka,,A,19,Indiana,IN,IN,3,East North Central,2,Midwest,Region II,City,1226,27128,INUCR0001,Indiana State Police,N,11,7,"Cities under 2,500",7,"Cities under 2,500",N,11,,Y,3,0,3,0,0,0,2.4,2.4,2013-01-01,2023-01-01,2023-01-01,2023-01-01,2024-01-01,2024-01-01,N,LAGRANGE,Not Specified,Y,Y,Y
391652024,39165,2024,IN071139E,IN071139E,,N,N,,I,UNIVERSITY OF NOTRE DAME,,University of Notre Dame,,A,19,Indiana,IN,IN,3,East North Central,2,Midwest,Region II,University or College,0,27128,INUCR0001,Indiana State Police,Y,11,7,"Cities under 2,500",7,"Cities under 2,500",N,11,,Y,36,35,71,6,22,28,0,0,2013-01-01,2023-01-01,2023-01-01,2023-01-01,2024-01-01,2024-01-01,N,ST JOSEPH,"South Bend-Mishawaka, IN-MI",Y,Y,Y
391672024,39167,2024,IN0440700,IN0440700,,N,N,,I,WESTVIEW SCHOOLS,,Westview Schools,,A,19,Indiana,IN,IN,3,East North Central,2,Midwest,Region II,Other,0,27128,INUCR0001,Indiana State Police,N,11,7,"Cities under 2,500",7,"Cities under 2,500",N,11,,Y,1,0,1,1,0,1,0,0,2013-01-01,2023-01-01,2023-01-01,2023-01-01,2024-01-01,2024-01-01,N,LAGRANGE,Not Specified,Y,Y,Y
407372024,40737,2024,IN0100500,IN0100500,,N,N,,I,BORDEN,,Borden,,A,19,Indiana,IN,IN,3,East North Central,2,Midwest,Region II,City,812,27128,INUCR0001,Indiana State Police,Y,11,7,"Cities under 2,500",7,"Cities under 2,500",N,11,,Y,2,0,2,0,0,0,2.5,2.5,2013-01-01,2021-01-01,2024-05-01,2024-05-01,2024-05-01,2024-05-01,N,CLARK,"Louisville/Jefferson County, KY-IN",Y,Y,Y
